SystemName,SNAKE VALLEY
StationName,TWIN SPRINGS (SOUTH)
Units,Mean daily discharge in CFS
DateStart,2014
DateEnd,2024
Date,Flow
01/01/2014,1.2700771404
01/02/2014,1.2700771404
01/03/2014,1.2700771404
01/04/2014,1.2700771404
01/05/2014,1.2700771404
01/06/2014,1.2700771404
01/07/2014,1.2700771404
01/08/2014,1.2700771404
01/09/2014,1.2700771404
01/10/2014,1.2700771404
01/11/2014,1.2700771404
01/12/2014,1.2700771404
01/13/2014,1.2700771404
01/14/2014,1.2700771404
01/15/2014,1.2700771404
01/16/2014,1.2700771404
01/17/2014,1.2700771404
01/18/2014,1.2700771404
01/19/2014,1.2700771404
01/20/2014,1.2700771404
01/21/2014,1.2700771404
01/22/2014,1.2700771404
01/23/2014,1.2700771404
01/24/2014,1.2700771404
01/25/2014,1.259746734352
01/26/2014,1.2492922023
01/27/2014,1.249097548113
01/28/2014,1.2492922023
01/29/2014,1.2492922023
01/30/2014,1.269386825361
01/31/2014,1.2909143959
02/01/2014,1.2909143959
02/02/2014,1.2909143959
02/03/2014,1.2909143959
02/04/2014,1.2909143959
02/05/2014,1.2909143959
02/06/2014,1.2909143959
02/07/2014,1.2909143959
02/08/2014,1.2909143959
02/09/2014,1.320111575449
02/10/2014,1.3330561509
02/11/2014,1.3330561509
02/12/2014,1.332804226398
02/14/2014,1.2492922023
02/15/2014,1.247107447562
02/16/2014,1.2492922023
02/17/2014,1.2492922023
02/18/2014,1.2492922023
02/19/2014,1.2492922023
02/20/2014,1.250025702911
02/21/2014,1.2700771404
02/22/2014,1.2700771404
02/23/2014,1.2700771404
02/24/2014,1.2574092676
02/25/2014,1.2492922023
02/26/2014,1.2492922023
02/27/2014,1.2492922023
02/28/2014,1.2492922023
03/01/2014,1.2492922023
03/02/2014,1.22333151191
03/03/2014,1.2081935953
03/04/2014,1.205879038202
03/05/2014,1.2081935953
03/06/2014,3.32165954777
03/07/2014,6.9891786684
03/08/2014,6.959166764908
03/09/2014,6.950698720392
03/10/2014,6.982886114872
03/11/2014,6.9891786684
03/12/2014,6.977423595142
03/13/2014,6.997456220808
03/14/2014,7.009206088841
03/15/2014,6.9891786684
03/16/2014,7.002919092771
03/17/2014,7.0212807864
03/18/2014,7.005801378244
03/19/2014,7.017041517159
03/20/2014,7.014738712669
03/22/2014,7.006046262109
03/23/2014,6.9891786684
03/24/2014,6.980303906276
03/25/2014,6.986310015992
03/27/2014,6.9891786684
03/28/2014,6.9891786684
03/29/2014,6.9891786684
03/30/2014,6.9891786684
03/31/2014,6.9891786684
04/01/2014,6.9891786684
04/02/2014,6.9891786684
04/03/2014,6.9891786684
04/04/2014,6.9891786684
04/05/2014,6.9891786684
04/06/2014,6.9891786684
04/07/2014,6.9891786684
04/08/2014,6.9891786684
04/09/2014,6.9891786684
04/10/2014,7.00205085658
04/11/2014,7.0533829044
04/12/2014,7.0533829044
04/13/2014,7.0533829044
04/14/2014,7.0533829044
04/15/2014,7.0533829044
04/16/2014,7.0533829044
04/17/2014,7.0533829044
04/18/2014,7.0533829044
04/19/2014,7.0533829044
04/20/2014,7.0533829044
04/21/2014,4.400516941396
04/22/2014,0.095645552
04/23/2014,0.095645552
04/24/2014,0.095645552
04/25/2014,0.095645552
04/26/2014,0.095645552
04/27/2014,0.095645552
04/28/2014,0.095645552
04/30/2014,0.095645552
05/01/2014,0.095645552
05/02/2014,0.095645552
05/03/2014,0.095645552
05/04/2014,0.095645552
05/05/2014,0.095645552
05/07/2014,0.095645552
05/08/2014,0.095645552
05/09/2014,0.095645552
05/10/2014,0.095645552
05/11/2014,0.095645552
05/12/2014,0.095645552
05/13/2014,0.095645552
05/14/2014,0.095645552
05/15/2014,0.095645552
05/16/2014,0.8999956490211
05/17/2014,1.2700771404
05/18/2014,1.2700771404
05/19/2014,1.2700771404
05/20/2014,1.2700771404
05/21/2014,1.2700771404
05/22/2014,1.2700771404
05/27/2014,1.2492922023
05/28/2014,1.2492922023
05/29/2014,1.2492922023
05/30/2014,1.2492922023
05/31/2014,1.260675463458
06/01/2014,1.2700771404
06/02/2014,1.2700771404
06/03/2014,1.2700771404
06/04/2014,1.2700771404
06/05/2014,1.2700771404
06/06/2014,1.2700771404
06/07/2014,1.2700771404
06/08/2014,1.2700771404
06/09/2014,1.2700771404
06/10/2014,1.2700771404
06/11/2014,1.2700771404
06/12/2014,1.2700771404
06/13/2014,1.267644747166
06/14/2014,1.2700771404
06/15/2014,1.2700771404
06/16/2014,1.2700771404
06/17/2014,1.2700771404
06/18/2014,1.2700771404
06/19/2014,1.2700771404
06/20/2014,1.2700771404
06/21/2014,1.2700771404
06/22/2014,1.2700771404
06/23/2014,1.2700771404
06/24/2014,1.2700771404
06/25/2014,1.238723758653
06/26/2014,1.259728154484
06/27/2014,1.2492922023
06/28/2014,1.2492922023
06/29/2014,1.2492922023
06/30/2014,1.2492922023
07/01/2014,1.2492922023
07/02/2014,1.2492922023
07/03/2014,1.2492922023
07/05/2014,1.2492922023
07/06/2014,1.2492922023
07/07/2014,1.2492922023
07/08/2014,1.2492922023
07/09/2014,1.2492922023
07/10/2014,1.2492922023
07/11/2014,1.2492922023
07/12/2014,1.2492922023
07/13/2014,1.2492922023
07/14/2014,1.2492922023
07/15/2014,1.2492922023
07/16/2014,1.2492922023
07/17/2014,1.2492922023
07/18/2014,1.24687316114
07/19/2014,1.246745104206
07/20/2014,1.2492922023
07/21/2014,1.2492922023
07/22/2014,1.250202314745
07/23/2014,1.24850523306
07/24/2014,1.2492922023
07/25/2014,1.2492922023
07/26/2014,1.2492922023
07/27/2014,1.2492922023
07/28/2014,1.2492922023
07/29/2014,1.258274543526
07/31/2014,1.253774090557
08/01/2014,1.268125366255
08/03/2014,1.324676473355
08/04/2014,1.287301750595
08/05/2014,1.2700771404
08/06/2014,1.2700771404
08/07/2014,1.2700771404
08/08/2014,1.2700771404
08/09/2014,1.2700771404
08/11/2014,1.3330561509
08/12/2014,2.478335921049
08/13/2014,5.2556642964
08/14/2014,5.2556642964
08/15/2014,5.2556642964
08/16/2014,5.2556642964
08/17/2014,5.2556642964
08/18/2014,5.2556642964
08/19/2014,5.526611087049
08/20/2014,8.700190085135
08/21/2014,8.6905909224
08/22/2014,8.6905909224
08/23/2014,8.6905909224
08/24/2014,8.690446744467
08/25/2014,8.6905909224
08/26/2014,8.6905909224
08/27/2014,8.652692463933
08/28/2014,8.6905909224
08/29/2014,8.6905909224
08/30/2014,8.6905909224
08/31/2014,8.6905909224
09/01/2014,8.6905909224
09/02/2014,8.6905909224
09/03/2014,8.6905909224
09/04/2014,8.6905909224
09/06/2014,8.6905909224
09/07/2014,8.6905909224
09/08/2014,8.6905909224
09/09/2014,7.346533000886
09/11/2014,2.1002773258
09/12/2014,2.1002773258
09/13/2014,2.1002773258
09/14/2014,2.1002773258
09/15/2014,2.1002773258
09/16/2014,2.1002773258
09/17/2014,2.1002773258
09/18/2014,2.079054233998
10/06/2014,1.253480863585
10/07/2014,1.259024214352
10/08/2014,1.265321644053
10/09/2014,1.266864035602
10/10/2014,1.27369241876
10/11/2014,1.279687631245
10/12/2014,1.28038034312
10/13/2014,1.283744321066
10/14/2014,1.291548702113
10/15/2014,1.295878089715
10/16/2014,1.286489225032
10/17/2014,1.2867469448
10/18/2014,1.287796042733
10/19/2014,1.295081847
10/20/2014,1.295081847
10/21/2014,1.294896361021
10/22/2014,1.289927840044
10/23/2014,1.287189767231
10/24/2014,1.288509181265
10/25/2014,1.288322771556
10/26/2014,1.2867469448
10/27/2014,1.276222642397
10/28/2014,1.2742445915
10/29/2014,1.2742445915
10/30/2014,1.269413337535
10/31/2014,1.272356169331
11/01/2014,1.271373973812
11/02/2014,1.267599037415
11/03/2014,1.2659096893
11/04/2014,1.267018321999
11/05/2014,1.269195794282
11/06/2014,1.274866698968
11/07/2014,1.274177482787
11/08/2014,1.272398959098
11/12/2014,1.291281033827
11/13/2014,1.293961984256
11/14/2014,1.299740879243
11/15/2014,1.301054825521
11/16/2014,1.292053258371
11/17/2014,1.30160563767
11/18/2014,1.30646092315
11/19/2014,1.313725417473
11/20/2014,1.318077732035
11/21/2014,1.322779799931
11/22/2014,1.329825683469
11/23/2014,1.329927594432
11/24/2014,1.340537056945
11/25/2014,1.351851282594
11/26/2014,1.359647109401
11/27/2014,1.366003317142
11/28/2014,1.379801625693
11/29/2014,1.3929505653
11/30/2014,1.3929505653
12/01/2014,1.396625357117
12/02/2014,1.40218906078
12/03/2014,1.406813261449
12/04/2014,1.413238657407
12/05/2014,1.406837663698
12/06/2014,1.410443030602
12/07/2014,1.409209065331
12/08/2014,1.400648993459
12/09/2014,1.398276689901
12/10/2014,1.392977747789
12/11/2014,1.389646282789
12/12/2014,1.349970545848
12/13/2014,1.358426749463
12/14/2014,1.33802713521
12/15/2014,1.330990593265
12/16/2014,1.320754520459
12/17/2014,1.315166213993
12/18/2014,1.309307081383
12/19/2014,1.307887119759
12/20/2014,1.305336250066
12/21/2014,1.301685343052
12/22/2014,1.295578891314
12/23/2014,1.277479733738
12/24/2014,1.286919112762
12/25/2014,1.284806621711
12/26/2014,1.269106923978
12/27/2014,1.257117352746
12/28/2014,1.263527970592
12/29/2014,1.268873759793
12/30/2014,1.265388391833
12/31/2014,1.264984606748
01/01/2015,1.265495766392
01/02/2015,1.26563831301
01/03/2015,1.264306823492
01/04/2015,1.265136202875
01/05/2015,1.260135240407
01/06/2015,1.261410524043
01/07/2015,13.07668053735
01/08/2015,20.9792816928
01/09/2015,20.9792816928
01/10/2015,20.9792816928
01/11/2015,20.9792816928
01/12/2015,20.9792816928
01/13/2015,20.9792816928
01/14/2015,20.9792816928
01/15/2015,20.9792816928
01/16/2015,20.9792816928
01/17/2015,20.9792816928
01/18/2015,20.9792816928
01/19/2015,20.9792816928
01/20/2015,20.9792816928
01/21/2015,20.9792816928
01/22/2015,20.9792816928
01/23/2015,20.9792816928
01/26/2015,20.9792816928
01/27/2015,20.9792816928
01/28/2015,20.9792816928
01/29/2015,20.9792816928
01/30/2015,20.9792816928
01/31/2015,20.9792816928
02/01/2015,20.9792816928
02/02/2015,10.19640458848
02/03/2015,1.247971674322
02/04/2015,1.233758790345
02/05/2015,1.228893951598
02/06/2015,1.243083101889
02/07/2015,1.24142323621
02/08/2015,1.256773097729
02/09/2015,1.251128066855
02/10/2015,1.247266523368
02/11/2015,1.240621753904
02/12/2015,1.253721785248
02/13/2015,1.258574009415
02/14/2015,1.270999348922
02/15/2015,1.260623543836
02/16/2015,1.251060546823
02/17/2015,1.258616973862
02/18/2015,1.24968545041
02/19/2015,1.262589813209
02/20/2015,1.269315901076
02/21/2015,1.2867469448
02/23/2015,1.273379080475
02/24/2015,1.264230999416
02/25/2015,1.274269113362
02/26/2015,1.286551843684
02/27/2015,1.291627650487
02/28/2015,1.302964898514
03/01/2015,1.288429954359
03/02/2015,1.299382431211
03/03/2015,1.288027767634
03/04/2015,1.287013944869
03/05/2015,1.291257953439
03/06/2015,1.286502750136
03/07/2015,1.2936671183
03/08/2015,1.301574572369
03/09/2015,1.309468084119
03/10/2015,1.297185003957
03/11/2015,1.310941720366
03/12/2015,1.306801809718
03/13/2015,1.284343955118
03/14/2015,1.287656046393
03/15/2015,1.294499736932
03/16/2015,1.296658629508
03/17/2015,1.30352771397
03/18/2015,1.289836393337
03/19/2015,1.284724937385
03/20/2015,1.285152463764
03/21/2015,1.284943090259
03/22/2015,1.282888193781
03/23/2015,1.277632416101
03/24/2015,1.284054928803
03/25/2015,1.283689929184
03/26/2015,1.287397210877
03/27/2015,1.2902089437
03/28/2015,1.294947284601
03/29/2015,1.287839971759
03/30/2015,1.287279474853
03/31/2015,1.295206536798
04/01/2015,1.293807165728
04/02/2015,1.296233003765
04/03/2015,1.294537793502
04/04/2015,1.302692604924
04/05/2015,1.306227063491
04/06/2015,1.3053717176
04/07/2015,1.307785586953
04/08/2015,1.313901939215
04/09/2015,1.317334794999
04/10/2015,1.317112502458
04/11/2015,1.320693783561
04/12/2015,1.320078158235
04/13/2015,1.32127273583
04/14/2015,1.318209376338
04/15/2015,1.317943414284
04/16/2015,1.315014820765
04/17/2015,1.326404704947
04/18/2015,1.3505123735
04/19/2015,1.344286833624
04/20/2015,1.345442110582
04/21/2015,1.291939721171
04/22/2015,1.291869969427
04/23/2015,1.294921962108
04/24/2015,1.297598376957
04/25/2015,1.305140014477
04/26/2015,1.30270341666
04/27/2015,1.307389890189
04/28/2015,1.316118758322
04/29/2015,1.32695174248
04/30/2015,1.334256064155
05/01/2015,1.331532585769
05/02/2015,1.342041746528
05/03/2015,1.329075102867
05/04/2015,1.336199240569
05/05/2015,1.34566831936
05/06/2015,1.350888579406
05/07/2015,1.349990885514
05/08/2015,1.349905998354
05/09/2015,1.354489761444
05/10/2015,1.356043363217
05/11/2015,1.362518203987
05/12/2015,1.367446326407
05/13/2015,1.377798230745
05/14/2015,1.373892949971
05/15/2015,1.373713878646
05/16/2015,1.352907299266
05/17/2015,1.350495546879
05/18/2015,1.348996361454
05/19/2015,1.369818927066
05/20/2015,1.371856771741
05/21/2015,1.368524698735
05/22/2015,1.3582028937
05/23/2015,1.357019771995
05/24/2015,1.364043170398
05/25/2015,1.372726003149
05/26/2015,1.379347215858
05/27/2015,1.551465073596
05/28/2015,1.373786655373
05/29/2015,1.399283642556
05/30/2015,1.418536902283
05/31/2015,1.42203105347
06/01/2015,1.438978626806
06/02/2015,1.477543797071
06/03/2015,1.538778841833
06/04/2015,1.590694331613
06/05/2015,1.656584128143
06/06/2015,1.70048463158
06/07/2015,1.77826267214
06/08/2015,1.795011232504
06/09/2015,1.850817504999
06/10/2015,1.874521559376
06/11/2015,1.915471581855
06/12/2015,1.916146695523
06/13/2015,1.944976118558
06/14/2015,1.941708066652
06/15/2015,1.924266120082
06/16/2015,1.937310799805
06/17/2015,1.965904840825
06/18/2015,1.9827363463
06/19/2015,1.985063538119
06/20/2015,1.993978342773
06/21/2015,2.007285354549
06/22/2015,2.007189691263
06/23/2015,2.04053172875
06/24/2015,2.055305618861
06/25/2015,2.065612998995
06/26/2015,2.074873320763
06/27/2015,2.067628054613
06/28/2015,2.065840987766
06/29/2015,2.077835061977
06/30/2015,2.095303676339
07/01/2015,2.110834715339
07/02/2015,2.127670211022
07/03/2015,2.154656147629
07/04/2015,2.173095315194
07/05/2015,2.180883684756
07/06/2015,2.17531072272
07/07/2015,2.182566647695
07/08/2015,2.21119666658
07/09/2015,2.224116820832
07/10/2015,2.216781743792
07/11/2015,2.225475385229
07/12/2015,2.234930272598
07/13/2015,2.255888460781
07/14/2015,2.269847624923
07/15/2015,2.292991208439
07/16/2015,2.307242052411
07/17/2015,2.331572860511
07/18/2015,2.353127386208
07/19/2015,2.378875620141
07/20/2015,2.410388754575
07/21/2015,2.439610075657
07/22/2015,2.469306328873
07/23/2015,2.482912102725
07/24/2015,2.494707816063
07/25/2015,2.51825786782
07/26/2015,2.535853516037
07/27/2015,2.546875267251
07/28/2015,2.584480543861
07/29/2015,2.392038060386
07/30/2015,1.956800214017
07/31/2015,1.932005754898
08/01/2015,1.940212881776
08/02/2015,1.946408890943
08/03/2015,1.95543253986
08/04/2015,1.971257320064
08/05/2015,1.958847269414
08/06/2015,1.958638467936
08/07/2015,1.973160659334
08/08/2015,1.957634932989
08/09/2015,1.958715552575
08/10/2015,1.968767762857
08/11/2015,1.981053930694
08/12/2015,1.996887173929
08/13/2015,1.999651569501
08/14/2015,2.01481742684
08/15/2015,2.018107800528
08/16/2015,2.023341840531
08/17/2015,2.031597629808
08/18/2015,2.03341127944
08/19/2015,2.033903018776
08/20/2015,2.033577191178
08/21/2015,2.034973921403
08/22/2015,2.029781601074
08/23/2015,2.026177088096
08/24/2015,2.023296644795
08/25/2015,2.021392225448
08/26/2015,2.023361092547
08/27/2015,2.025366672575
08/28/2015,2.011820276544
08/29/2015,2.007186495881
08/30/2015,2.169838743333
08/31/2015,2.012449985262
09/01/2015,2.004400013387
09/02/2015,2.019971997189
09/03/2015,1.998554391764
09/04/2015,1.994350547301
09/05/2015,1.990044136765
09/06/2015,1.993963107622
09/07/2015,1.993955673663
09/08/2015,1.998822475966
09/09/2015,1.999890859984
09/10/2015,1.998222688255
09/11/2015,1.995021843422
09/12/2015,2.001481235839
09/13/2015,2.005127354414
09/14/2015,2.006236794812
09/15/2015,2.014112319439
09/16/2015,2.020464607964
09/17/2015,2.020082176446
09/18/2015,2.011050354669
09/19/2015,2.014940389991
09/20/2015,2.006794267743
09/21/2015,1.994880935935
09/22/2015,1.985901689719
09/23/2015,1.980104235533
09/24/2015,1.982537507987
09/25/2015,1.982268212093
09/26/2015,1.977582728157
09/27/2015,2.005215181497
09/28/2015,2.026748417691
09/29/2015,2.020772926469
09/30/2015,2.023188465281
10/01/2015,2.009699939126
10/02/2015,2.025231598396
10/03/2015,2.017993576545
10/04/2015,2.009359623383
10/05/2015,1.976425185868
10/06/2015,1.964568365888
10/07/2015,1.961893708538
10/08/2015,1.379008662274
10/09/2015,0.9765745
10/10/2015,0.972849839301
10/11/2015,0.9627192430266
10/12/2015,0.9477004860455
10/13/2015,0.9349505204562
10/14/2015,0.9236129911953
10/15/2015,0.9144377006402
10/16/2015,0.9035423298413
10/17/2015,0.8963088195651
10/18/2015,0.918233808293
10/19/2015,0.89156003206
10/20/2015,0.8501970837149
10/21/2015,0.8236150532094
10/22/2015,0.7995109898839
10/23/2015,0.7655842903125
10/24/2015,0.746375094876
10/25/2015,0.7397694045079
10/26/2015,0.7367269816532
10/27/2015,0.7191480822435
10/28/2015,0.7056170197591
10/29/2015,0.6990046029952
10/30/2015,0.6811904942974
10/31/2015,0.6757676663723
11/01/2015,0.6707229097
11/02/2015,0.6609947678365
11/03/2015,0.6655548170989
11/04/2015,0.6553503136976
11/05/2015,0.6414393231464
11/06/2015,0.6282187282805
11/07/2015,0.6113613409111
11/08/2015,0.6040274559128
11/09/2015,0.6010418287647
11/11/2015,0.5818415065
11/12/2015,0.5740541725609
11/13/2015,0.5625475539511
11/14/2015,0.5609739994728
11/15/2015,0.5627458847583
11/16/2015,0.562553849057
11/17/2015,0.551276062
11/18/2015,0.5437169430652
11/19/2015,1.258069004057
11/20/2015,1.250561285503
11/21/2015,1.251621627284
11/22/2015,1.250042950884
11/23/2015,1.251376842398
11/24/2015,1.253407336
11/25/2015,1.252587946941
11/26/2015,1.239908885934
11/27/2015,1.238354912592
11/28/2015,1.233990576571
11/29/2015,1.235610532226
11/30/2015,1.233800755127
12/01/2015,1.2328316675
12/02/2015,1.2328316675
12/03/2015,1.235669083028
12/04/2015,1.2410619349
12/05/2015,1.238282739389
12/06/2015,1.2410619349
12/07/2015,1.203563354211
12/08/2015,1.147377438485
12/09/2015,1.139506032011
12/10/2015,1.149343202751
12/11/2015,1.162738535916
12/14/2015,1.233439849774
12/15/2015,1.231249977676
12/16/2015,1.220352258126
12/17/2015,1.219013341843
12/18/2015,1.217614500479
12/19/2015,1.236588963487
12/20/2015,1.232563363914
12/21/2015,1.241591781199
12/22/2015,1.249077205611
12/23/2015,1.252026367206
12/24/2015,1.247415472836
12/25/2015,1.246627631133
12/26/2015,1.233741967441
12/27/2015,1.24320111386
12/28/2015,1.256067445111
12/29/2015,1.2525546895
12/30/2015,1.250258890401
12/31/2015,1.2451770686
01/01/2016,1.249239368914
01/02/2016,1.25146847493
01/03/2016,1.252432230609
01/04/2016,1.2659096893
01/05/2016,1.273242772368
01/06/2016,1.271275132467
01/08/2016,1.264844888642
01/10/2016,1.253407336
01/15/2016,1.253407336
01/19/2016,1.253407336
01/20/2016,1.253407336
01/21/2016,1.253407336
01/22/2016,1.253407336
01/23/2016,1.253407336
01/24/2016,1.26032126829
01/25/2016,1.246618108199
01/26/2016,1.2328316675
01/27/2016,1.2451770686
01/28/2016,1.253407336
01/29/2016,1.253407336
01/30/2016,1.253407336
01/31/2016,1.269178621161
02/02/2016,1.253407336
02/03/2016,1.253407336
02/04/2016,1.253407336
02/05/2016,1.253407336
02/06/2016,1.2659096893
02/07/2016,1.2659096893
02/08/2016,1.2700771404
02/09/2016,1.2742445915
02/10/2016,1.28049576815
02/11/2016,1.276480111626
02/13/2016,1.2867469448
02/14/2016,1.291453046042
02/16/2016,1.295081847
02/17/2016,1.3077399483
02/18/2016,1.32411443112
02/19/2016,1.303292891913
02/20/2016,1.301111130282
02/21/2016,1.280781030894
02/22/2016,1.292869068362
02/23/2016,1.279922231688
02/24/2016,1.27126966275
02/25/2016,1.248642504395
02/26/2016,1.24481208607
02/27/2016,1.255014524928
02/28/2016,1.255344853681
02/29/2016,1.186842537927
03/01/2016,1.241164847191
03/02/2016,1.236671336882
03/03/2016,1.241746190927
03/04/2016,1.238239885508
03/05/2016,1.236068087106
03/06/2016,1.25504350166
03/07/2016,1.240630068008
03/08/2016,1.248251497492
03/09/2016,1.243478426046
03/10/2016,1.255349618033
03/11/2016,1.267427391119
03/12/2016,1.262688129755
03/13/2016,1.268160075637
03/14/2016,1.26981124535
03/15/2016,1.270236580658
03/16/2016,1.269224131084
03/17/2016,1.280012736
03/18/2016,1.285860396154
03/19/2016,1.294556211623
03/20/2016,1.30614407482
03/21/2016,1.309620771494
03/22/2016,1.310732608523
03/23/2016,1.295036994692
03/24/2016,1.298993968488
03/25/2016,1.308248876169
03/26/2016,1.301624701764
03/27/2016,1.300014740266
03/28/2016,1.31449299676
03/29/2016,1.316412434254
03/30/2016,1.318248027932
03/31/2016,1.318460114286
04/01/2016,1.316109342038
04/02/2016,1.322345845131
04/03/2016,1.322031487755
04/04/2016,1.326127758332
04/05/2016,1.327172831643
04/06/2016,1.331251128515
04/07/2016,1.315884781509
04/08/2016,1.26695546591
04/09/2016,1.268872691622
04/10/2016,1.270230845973
04/11/2016,1.271236460618
04/12/2016,1.273973613738
04/13/2016,1.280417432603
04/14/2016,1.287573045922
04/15/2016,1.287596108872
04/16/2016,1.287586496767
04/17/2016,1.297062526777
04/18/2016,1.306191923755
04/19/2016,1.315884515357
04/20/2016,1.322258972278
04/21/2016,1.325181475872
04/22/2016,1.332452071551
04/23/2016,1.335353061627
04/24/2016,1.344968120596
04/25/2016,1.363964622627
04/26/2016,1.376772579315
04/27/2016,1.38181730557
04/28/2016,1.398164333275
04/29/2016,1.404907314057
04/30/2016,1.388753707225
05/01/2016,1.370265739781
05/02/2016,1.3825717237
05/03/2016,1.372377304341
05/04/2016,1.307043752729
05/05/2016,1.23944625669
05/06/2016,1.313758919222
05/07/2016,1.311580312601
05/08/2016,1.321405918819
05/09/2016,1.343395647247
05/10/2016,1.32660450153
05/11/2016,1.320021262392
05/12/2016,1.32453253421
05/13/2016,1.339687878456
05/14/2016,1.356120057003
05/15/2016,1.350088197
05/16/2016,1.321062902124
05/17/2016,1.327801575458
05/18/2016,1.329935992311
05/19/2016,1.335310815377
05/20/2016,1.333039825062
05/21/2016,1.32717685046
05/22/2016,1.33439544439
05/23/2016,1.335019655427
05/24/2016,1.32677189233
05/25/2016,1.341180161494
05/26/2016,1.344023346812
05/27/2016,1.337381887411
05/28/2016,1.329869409025
05/29/2016,1.332035652811
05/30/2016,1.324630602222
05/31/2016,1.321752542651
06/01/2016,1.319727717669
06/02/2016,1.318976716826
06/03/2016,1.742301115539
06/04/2016,1.323445549632
06/05/2016,1.320031242481
06/06/2016,1.330912834714
06/07/2016,1.321618577254
06/08/2016,1.325072512831
06/09/2016,1.318323049911
06/10/2016,1.31656647979
06/11/2016,1.316729180674
06/12/2016,1.312154656469
06/13/2016,1.3077399483
06/14/2016,1.307619483207
06/15/2016,1.301409057381
06/16/2016,1.295036635047
06/17/2016,1.293273439847
06/18/2016,1.296546614189
06/19/2016,1.28142462055
06/20/2016,1.274525613427
06/21/2016,1.263809556462
06/22/2016,1.261616395224
06/23/2016,1.24133539239
06/24/2016,1.212772108892
06/25/2016,1.208153345016
06/26/2016,1.206596883339
06/27/2016,1.207075880174
06/28/2016,1.205572877971
06/29/2016,1.204666158342
06/30/2016,1.205554688124
07/01/2016,1.2041311916
07/02/2016,1.202407056015
07/03/2016,1.203700614249
07/04/2016,1.206599116503
07/05/2016,1.208835417985
07/06/2016,1.209551893232
07/07/2016,1.206030687278
07/08/2016,1.205193862796
07/09/2016,1.205298942476
07/10/2016,1.21195820936
07/11/2016,1.206632671711
07/12/2016,1.208733493361
07/13/2016,1.205932619485
07/14/2016,1.207435586209
07/15/2016,1.207851861907
07/16/2016,1.209055723913
07/17/2016,1.212255999
07/18/2016,1.20572044921
07/19/2016,1.205263586631
07/20/2016,1.20679882044
07/21/2016,1.207566908704
07/22/2016,1.209453416975
07/23/2016,1.209582795042
07/24/2016,1.208216980848
07/25/2016,1.210265055205
07/26/2016,1.211902746504
07/27/2016,1.209617408636
07/28/2016,1.212471050545
07/29/2016,1.213884555591
07/30/2016,1.217157008927
07/31/2016,1.214764243544
08/01/2016,1.21619767503
08/02/2016,1.218064712014
08/03/2016,1.224498268154
08/04/2016,1.224520989441
08/05/2016,1.229374361663
08/06/2016,1.235007434999
08/07/2016,1.234866758446
08/08/2016,1.24391127431
08/09/2016,1.2451770686
08/10/2016,1.246322813482
08/11/2016,1.250159207568
08/12/2016,1.255521098113
08/13/2016,1.2617422382
08/14/2016,1.270336670289
08/15/2016,1.275958337371
08/16/2016,1.278606361719
08/17/2016,1.285969054601
08/18/2016,1.2892407015
08/19/2016,1.289133921475
08/20/2016,1.292396132998
08/21/2016,1.304735387991
08/22/2016,1.3077399483
08/23/2016,1.3077399483
08/24/2016,1.307776725668
08/25/2016,1.308096810194
08/26/2016,1.285827814551
08/27/2016,1.281351554725
08/28/2016,1.27701223924
08/29/2016,1.26928227896
08/30/2016,1.268064585742
08/31/2016,1.266129368893
09/01/2016,1.263107822623
09/02/2016,1.26025639352
09/03/2016,1.253734587769
09/04/2016,1.253407336
09/05/2016,1.247641554572
09/06/2016,1.245275550432
09/07/2016,1.2451770686
09/08/2016,1.24490114399
09/09/2016,1.240449251777
09/10/2016,1.232612610953
09/11/2016,1.236791121489
09/12/2016,1.242210716392
09/13/2016,1.239711656655
09/14/2016,1.239499679373
09/15/2016,1.239604791686
09/16/2016,1.245241734987
09/17/2016,1.246662412717
09/18/2016,1.249242502618
09/19/2016,1.253929593405
09/20/2016,1.254998964003
09/21/2016,1.258134049108
09/22/2016,1.269784457776
09/23/2016,1.273057788732
09/24/2016,1.273999961247
09/25/2016,1.275921487499
09/26/2016,1.281435487516
09/27/2016,1.288050198875
09/28/2016,1.291263623646
09/29/2016,1.292316174906
09/30/2016,1.296480641074
10/01/2016,1.299480761636
10/02/2016,1.314640528661
10/03/2016,1.326896414342
10/04/2016,1.341244824007
10/05/2016,1.347058110808
10/06/2016,1.346379972454
10/07/2016,1.352292528871
10/08/2016,1.356277398926
10/09/2016,1.362387988924
10/10/2016,1.372993799803
10/11/2016,1.3929505653
10/12/2016,1.398127684078
10/13/2016,1.40457993765
10/14/2016,1.418455064864
10/15/2016,1.439975543971
10/16/2016,1.453776187372
10/17/2016,1.470482535796
10/18/2016,1.462888470105
10/19/2016,1.434044623515
10/20/2016,1.442000595091
10/21/2016,1.450833653712
10/22/2016,1.461968513528
10/23/2016,1.466393920236
10/24/2016,1.47702436118
10/25/2016,1.482487701232
10/26/2016,1.483363497897
10/27/2016,1.493321024022
10/28/2016,1.507055540959
10/29/2016,1.511007046862
10/30/2016,1.519550303439
10/31/2016,1.533213053056
11/01/2016,1.534252249628
11/02/2016,1.538346147992
11/03/2016,1.543773783266
11/04/2016,1.550613644849
11/05/2016,1.568159876025
11/06/2016,1.578513346
11/07/2016,1.583224291796
11/08/2016,1.592171459625
11/09/2016,1.602836247005
11/10/2016,1.621444060645
11/11/2016,1.629011141439
11/12/2016,1.645443468813
11/14/2016,1.668170308044
11/15/2016,1.679699554976
11/16/2016,1.695312547531
11/17/2016,1.709863952362
11/18/2016,1.71641821
11/19/2016,1.71641821
11/20/2016,1.726438250541
11/21/2016,1.739769261
11/22/2016,1.7350990508
11/23/2016,1.744695684215
11/24/2016,1.741739964787
11/25/2016,1.751855088039
11/26/2016,1.75339131423
11/27/2016,1.751808689279
11/28/2016,1.749313787066
11/29/2016,1.740718100056
11/30/2016,1.750695094391
12/01/2016,1.754865533181
12/02/2016,1.759536545473
12/03/2016,1.733593413121
12/04/2016,1.718694083166
12/05/2016,1.722851972499
12/06/2016,2.050372187857
12/07/2016,1.730698275804
12/08/2016,1.73865424613
12/09/2016,1.746400821429
12/10/2016,1.742160479705
12/11/2016,1.736017905165
12/12/2016,1.729733074591
12/13/2016,1.706098314186
12/14/2016,1.689403887379
12/15/2016,1.690457998908
12/16/2016,1.693525993245
12/17/2016,1.677139602745
12/18/2016,1.665009409057
12/19/2016,1.665351607919
12/20/2016,1.658458523649
12/21/2016,1.657249959566
12/22/2016,1.648204060716
12/23/2016,1.639193668772
12/24/2016,1.641654710732
12/25/2016,1.621280204573
12/26/2016,1.564838483149
12/27/2016,1.498037406061
12/28/2016,1.421667453026
12/29/2016,1.37872837038
12/30/2016,1.366356770161
12/31/2016,1.362692868247
01/01/2017,1.350310479658
01/02/2017,1.345605561415
01/03/2017,1.337046634531
01/04/2017,1.342317087207
01/05/2017,1.339655581341
01/06/2017,1.308214054294
01/07/2017,1.278771937992
01/08/2017,1.279315864341
01/09/2017,1.289365105609
01/10/2017,1.286548239013
01/11/2017,1.286642142036
01/12/2017,1.283225712383
01/13/2017,1.281875238026
01/14/2017,1.282642548027
01/15/2017,1.276046810952
01/16/2017,1.273815288549
01/17/2017,1.2742445915
01/18/2017,1.278888576426
01/19/2017,1.289583085247
01/21/2017,1.292798474218
01/22/2017,1.290450347825
01/23/2017,1.305128889338
01/25/2017,1.295081847
01/26/2017,1.295081847
01/28/2017,1.2909922699
01/29/2017,1.3077399483
01/30/2017,1.3077399483
01/31/2017,1.3119593154
02/02/2017,1.3161786825
02/03/2017,1.3161786825
02/04/2017,1.3077399483
02/05/2017,1.3077399483
02/07/2017,1.315486036738
02/08/2017,1.310588614081
02/09/2017,1.316208505476
02/10/2017,1.321049011963
02/11/2017,1.323148008289
02/12/2017,1.321882577943
02/13/2017,1.315052426422
02/14/2017,1.3246174167
02/15/2017,1.319460412467
02/16/2017,1.3246174167
02/17/2017,1.3246174167
02/19/2017,1.314639836378
02/21/2017,1.3246174167
02/22/2017,1.337275518
02/24/2017,1.3246174167
02/25/2017,1.337275518
02/26/2017,1.337275518
02/27/2017,1.337275518
02/28/2017,1.316011451487
03/01/2017,1.3246174167
03/02/2017,1.305239928751
03/03/2017,1.337275518
03/06/2017,1.33094646735
03/07/2017,1.32603330743
03/08/2017,1.33507254997
03/09/2017,1.335826610401
03/10/2017,1.34437409681
03/11/2017,1.344526919193
03/12/2017,1.353269257267
03/13/2017,1.363553081335
03/14/2017,1.359803058769
03/15/2017,1.371045348328
03/16/2017,1.377292943111
03/17/2017,1.388936677041
03/18/2017,1.389064910491
03/19/2017,1.4015946435
03/20/2017,1.4015946435
03/21/2017,1.40650172252
03/22/2017,1.412200810084
03/23/2017,1.413352716569
03/24/2017,1.41572485718
03/25/2017,1.428147749018
03/26/2017,1.42158064148
03/27/2017,1.433438087821
03/28/2017,1.441646056206
03/29/2017,1.447155644949
03/30/2017,1.464914806532
03/31/2017,1.481233897184
04/01/2017,1.475063986938
04/02/2017,1.49112852112
04/03/2017,1.490494575828
04/04/2017,1.487596201616
04/05/2017,1.495308289913
04/06/2017,1.50154077672
04/07/2017,1.503460169333
04/08/2017,1.494473895601
04/09/2017,1.484503358967
04/10/2017,1.472562536076
04/11/2017,1.46567594093
04/12/2017,1.45283917787
04/13/2017,1.441483329541
04/14/2017,1.419943287402
04/15/2017,1.397926950382
04/16/2017,1.390972162573
04/17/2017,1.364967373785
04/18/2017,1.35281387194
04/19/2017,1.34116685107
04/20/2017,1.224585074189
04/21/2017,1.318210338675
04/22/2017,1.33055843939
04/23/2017,1.310311753009
04/24/2017,1.303625580764
04/25/2017,1.296976561303
04/26/2017,1.302511491598
04/27/2017,1.307697603397
04/28/2017,1.308475815417
04/29/2017,1.311602790666
04/30/2017,1.317259149902
05/01/2017,1.336393603134
05/02/2017,1.349911265177
05/03/2017,1.364796084769
05/04/2017,1.381476364882
05/05/2017,1.39351153296
05/06/2017,1.414556301811
05/07/2017,1.425793418605
05/08/2017,1.453923208606
05/09/2017,1.472843598387
05/10/2017,1.480042273913
05/11/2017,1.469430035425
05/12/2017,1.473256479283
05/13/2017,1.470581306072
05/14/2017,1.473096454351
05/15/2017,1.473993451476
05/16/2017,1.469205015608
05/17/2017,1.463496796255
05/18/2017,1.451402900814
05/19/2017,1.432612655867
05/20/2017,1.416541933848
05/21/2017,1.401126825022
05/22/2017,1.389128728379
05/23/2017,1.376497492774
05/24/2017,1.366124665091
05/25/2017,1.351796255327
05/26/2017,1.322921396591
05/27/2017,1.308131619508
05/28/2017,1.302724146734
05/29/2017,1.295081847
05/30/2017,1.295081847
05/31/2017,1.28803576764
06/01/2017,1.285818031634
06/02/2017,1.284057891157
06/03/2017,1.284886776075
06/04/2017,1.290848806476
06/05/2017,1.290396803816
06/06/2017,1.289079158276
06/07/2017,1.292533577618
06/08/2017,1.295811807197
06/09/2017,1.299860426973
06/10/2017,1.306365994728
06/11/2017,1.308895110691
06/12/2017,1.168604181939
06/13/2017,1.110751584693
06/14/2017,1.098304171986
06/15/2017,1.12432150309
06/16/2017,1.132705914873
06/17/2017,1.141526197686
06/18/2017,1.14797907041
06/19/2017,1.156199535294
06/20/2017,1.169024187572
06/21/2017,1.185436654895
06/22/2017,1.18555290604
06/23/2017,1.185564944625
06/24/2017,1.195103102353
06/25/2017,1.2000687879
06/26/2017,1.203555794323
06/27/2017,1.218668674949
06/28/2017,1.21303757835
06/29/2017,1.208348421175
06/30/2017,1.200547958663
07/01/2017,1.198053232563
07/02/2017,1.192462646878
07/03/2017,1.1838191731
07/04/2017,1.159604215
07/05/2017,13.16371794979
07/06/2017,1.147193917569
07/07/2017,0.9875677427593
07/08/2017,1.131881079081
07/09/2017,1.131761365157
07/10/2017,1.138153578556
07/11/2017,1.143530771282
07/12/2017,1.143976502507
07/13/2017,1.144646274415
07/14/2017,1.151585717
07/15/2017,1.164610886922
07/16/2017,1.171631962
07/17/2017,1.182351321155
07/18/2017,1.165050786164
07/19/2017,1.155296282693
07/20/2017,1.168330578505
07/21/2017,1.184613665337
07/22/2017,1.19245035322
07/23/2017,1.2000687879
07/24/2017,1.219830344322
07/25/2017,1.2328316675
07/26/2017,1.243455888701
07/27/2017,1.26453000181
07/28/2017,1.287447046948
07/29/2017,1.294994182171
07/30/2017,1.3161786825
07/31/2017,1.317957037544
08/01/2017,1.336274773803
08/02/2017,1.35723358668
08/03/2017,1.373181370724
08/04/2017,1.393893946159
08/05/2017,1.406615060869
08/08/2017,1.464633067881
08/09/2017,1.4757794532
08/10/2017,1.496284908299
08/11/2017,1.513048092088
08/12/2017,1.538698012956
08/13/2017,1.554595728942
08/14/2017,1.576535147094
08/15/2017,1.591421501251
08/16/2017,1.6148456502
08/17/2017,1.608525474885
08/18/2017,1.619424869915
08/19/2017,1.642843971738
08/20/2017,1.66017080263
08/21/2017,1.685589760825
08/22/2017,1.696731978858
08/23/2017,1.729779034103
08/24/2017,1.755302140801
08/25/2017,1.787969838606
08/26/2017,1.839522148188
08/27/2017,1.861722962294
08/28/2017,1.90305348469
08/29/2017,1.933273113283
08/30/2017,1.476212426072
08/31/2017,1.328527093777
09/01/2017,1.343645535939
09/02/2017,1.354506753854
09/03/2017,1.345511885489
09/04/2017,1.332350514605
09/05/2017,1.330319431097
09/06/2017,1.312048530874
09/07/2017,1.317498268877
09/08/2017,1.305595446267
09/09/2017,1.30621587086
09/10/2017,1.296637924453
09/11/2017,1.276128050521
09/12/2017,1.280504238579
09/13/2017,1.274611067745
09/14/2017,1.288423215326
09/15/2017,1.311493519032
09/16/2017,1.301465720995
09/17/2017,1.295081847
09/18/2017,1.293045478849
09/19/2017,1.303961029505
09/20/2017,1.311093997809
09/21/2017,1.332614077749
09/22/2017,1.3929505653
09/23/2017,1.3929505653
09/24/2017,1.3929505653
09/25/2017,1.3929505653
09/26/2017,1.375201367357
09/27/2017,1.389410474063
09/28/2017,1.394867248469
09/29/2017,1.399831489276
09/30/2017,1.40789287811
10/01/2017,1.417078365018
10/02/2017,1.431224275322
10/03/2017,1.42931727416
10/04/2017,1.436462743625
10/05/2017,1.440023359
10/06/2017,1.440694414058
10/07/2017,1.44859619027
10/08/2017,1.4611838395
10/09/2017,1.465021171569
10/10/2017,1.462821638856
10/11/2017,1.471129412285
10/12/2017,1.481077821982
10/13/2017,1.487084421053
10/14/2017,1.473401866077
10/15/2017,1.471746752409
10/16/2017,1.472451650452
10/17/2017,1.471197237637
10/18/2017,1.470790674108
10/19/2017,1.485507150388
10/20/2017,1.494068056287
10/21/2017,1.501695225554
10/22/2017,1.495690447281
10/23/2017,1.49402876984
10/24/2017,1.500408408475
10/25/2017,1.502384782465
10/26/2017,1.498937790245
10/27/2017,1.368187303034
10/28/2017,1.493132129054
10/29/2017,1.498522333543
10/30/2017,1.490784804615
10/31/2017,1.482767803058
11/01/2017,1.480516570359
11/02/2017,1.476084503621
11/03/2017,1.477205852305
11/04/2017,1.489104161812
11/05/2017,1.481900058152
11/06/2017,1.496850157617
11/07/2017,1.526623165879
11/08/2017,1.521694653259
11/09/2017,1.512109304353
11/10/2017,1.498224635013
11/11/2017,1.480546932281
11/12/2017,1.473380298058
11/13/2017,1.455099726453
11/14/2017,1.443378997701
11/15/2017,1.425655779876
11/16/2017,1.423406034916
11/17/2017,1.313167573255
11/18/2017,1.404339326607
11/19/2017,1.4015946435
11/20/2017,1.390164624052
11/21/2017,1.36390092665
11/22/2017,1.353304983626
11/23/2017,1.343703458837
11/24/2017,1.333537914457
11/25/2017,1.323929892473
11/26/2017,1.295574271389
11/27/2017,1.289898303582
11/28/2017,1.2867469448
11/29/2017,1.237768046103
11/30/2017,1.224024496924
12/01/2017,1.204149657071
12/02/2017,1.171146530296
12/03/2017,1.139535076358
12/04/2017,1.128222929093
12/05/2017,1.112064483007
12/06/2017,1.092454915661
12/07/2017,1.062728422798
12/08/2017,1.050887565163
12/09/2017,1.013508073708
12/10/2017,0.9541901507009
12/11/2017,0.9184962180466
12/12/2017,0.8999555178517
12/13/2017,0.8727918290056
12/14/2017,0.8470582192183
12/15/2017,0.8457876765408
12/16/2017,0.8499446766169
12/17/2017,0.8285371871847
12/18/2017,0.8213758478747
12/19/2017,0.804868587372
12/20/2017,0.8074387984252
12/21/2017,0.8059846877817
12/22/2017,0.6808267492181
12/23/2017,0.7835873704969
12/24/2017,0.7734216125707
12/25/2017,0.7541862194446
12/26/2017,0.7567753566041
12/27/2017,0.7492786355841
12/28/2017,0.7461868188796
12/29/2017,0.7470512368306
12/30/2017,0.7310108501335
12/31/2017,0.7300006834289
01/01/2018,0.7140440365106
01/02/2018,0.7160452346236
01/03/2018,0.7125639077219
01/04/2018,0.707360684287
01/05/2018,0.7070489355779
01/06/2018,0.7097573022941
01/08/2018,0.7220752892653
01/09/2018,0.7178003356684
01/10/2018,0.7144330681353
01/11/2018,0.6934341083688
01/12/2018,0.6838975988402
01/13/2018,0.6897835981579
01/14/2018,0.6946085526499
01/15/2018,0.6874159311884
01/16/2018,0.6881793517571
01/17/2018,0.6849892887389
01/18/2018,0.6967130307574
01/19/2018,0.6989767220012
01/20/2018,0.7124839555564
01/21/2018,0.7048356026246
01/22/2018,0.710296378
01/23/2018,0.7096683429919
01/24/2018,0.7120580365886
01/25/2018,0.7196729814708
01/26/2018,0.7070663700304
01/27/2018,0.7071473927503
01/28/2018,0.7049235655759
01/29/2018,0.7057215455868
01/30/2018,0.7163542954006
01/31/2018,0.5149402730747
02/01/2018,0.7078329452712
02/02/2018,0.6984414210954
02/03/2018,0.678423220768
02/04/2018,0.692673947191
02/05/2018,0.6858032781143
02/06/2018,0.6729582271307
02/07/2018,0.6653905529701
02/08/2018,0.6678928913683
02/09/2018,0.667890573628
02/10/2018,0.6783228663024
02/11/2018,0.6634514941032
02/12/2018,0.6468853590999
02/13/2018,0.6276715681611
02/14/2018,0.6341733073306
02/15/2018,0.6344855783633
02/16/2018,0.6391857883569
02/17/2018,0.6265839859506
02/18/2018,0.6482323802539
02/19/2018,0.6560868457
02/21/2018,0.64484516
02/24/2018,0.6512689804
02/26/2018,0.660904711
02/28/2018,0.6486455117634
03/02/2018,0.6432956762886
03/03/2018,0.6502423888487
03/05/2018,0.62572754955
03/06/2018,0.6481042463596
03/07/2018,0.6483070991377
03/08/2018,0.6527524473992
03/09/2018,0.6506755014522
03/10/2018,0.5665481997502
03/11/2018,0.6552148415432
03/12/2018,0.5998637245939
03/13/2018,0.6359141477464
03/14/2018,0.5831376826215
03/15/2018,0.5870785687319
03/16/2018,0.576359721891
03/17/2018,0.585808246133
03/18/2018,0.5867062911644
03/19/2018,0.5789037221001
03/20/2018,0.5867914976547
03/21/2018,0.5952808776532
03/22/2018,0.8372612578407
03/23/2018,1.064692627992
03/24/2018,1.062992440887
03/25/2018,1.074812219943
03/26/2018,1.07249367475
03/27/2018,1.084041119324
03/28/2018,1.097547758756
03/29/2018,1.109433932308
03/30/2018,1.120431054109
03/31/2018,1.145696185843
04/01/2018,1.150110331124
04/02/2018,1.163147580161
04/03/2018,1.154945442561
04/04/2018,1.180843069163
04/05/2018,1.190406855478
04/06/2018,1.204028240683
04/07/2018,1.191734562015
04/08/2018,1.177411499809
04/09/2018,1.173529765922
04/10/2018,1.177385364536
04/11/2018,1.183347515492
04/12/2018,1.18545580514
04/13/2018,1.164800390189
04/14/2018,1.152819044355
04/15/2018,1.157172353067
04/16/2018,1.154747941563
04/17/2018,1.159225792847
04/18/2018,1.164936411701
04/19/2018,1.171116936968
04/20/2018,1.17080159204
04/21/2018,1.156804096001
04/22/2018,1.163583461772
04/23/2018,1.136624573687
04/24/2018,1.137942959019
04/25/2018,1.120967868973
04/26/2018,1.113643240027
04/27/2018,1.116589638943
04/28/2018,1.117917162156
04/29/2018,1.112510354902
04/30/2018,1.096781165934
05/01/2018,1.091485934981
05/02/2018,1.078849079981
05/03/2018,1.067122236479
05/07/2018,1.02953102517
05/08/2018,1.03028605791
05/09/2018,1.030555065448
05/10/2018,1.031707000243
05/11/2018,1.032381461906
05/12/2018,1.040102900485
05/13/2018,1.030495852131
05/14/2018,1.050167860576
05/15/2018,1.033064635326
05/16/2018,1.036959772601
05/17/2018,1.046520361817
05/18/2018,1.060903526791
05/19/2018,1.0646716036
05/20/2018,1.073401465372
05/21/2018,1.0802780604
05/22/2018,1.093461162377
05/23/2018,1.091366858653
05/24/2018,1.097331666853
05/25/2018,1.104984507761
05/26/2018,1.113492873317
05/27/2018,1.115741013383
05/28/2018,1.12551135371
05/29/2018,1.125323741643
05/30/2018,1.130695658056
05/31/2018,1.137121856818
06/01/2018,1.124234427222
06/02/2018,1.122611900725
06/03/2018,1.123760876639
06/04/2018,1.118636989023
06/05/2018,1.1038498737
06/06/2018,1.079233533764
06/07/2018,1.065471329629
06/08/2018,1.048088302418
06/09/2018,1.013891413817
06/10/2018,1.029464212493
06/11/2018,1.023968287666
06/12/2018,1.02038027833
06/13/2018,0.9283339648863
06/14/2018,1.016706953291
06/15/2018,1.014495695
06/18/2018,1.011253158036
06/19/2018,1.014051908065
06/20/2018,1.014066245569
06/21/2018,1.012784772397
06/22/2018,1.010342554529
06/23/2018,1.011370099833
06/24/2018,1.008564583095
06/25/2018,1.008953835473
06/26/2018,1.01040531891
06/27/2018,1.011714490961
06/28/2018,1.017907079582
06/29/2018,1.015910918396
06/30/2018,1.019233787583
07/01/2018,1.026304115146
07/02/2018,1.033467727548
07/03/2018,1.034430701927
07/04/2018,1.037129037479
07/05/2018,1.039814705412
07/06/2018,1.048868656935
07/07/2018,1.058552910999
07/08/2018,1.065967641535
07/09/2018,1.074259187982
07/10/2018,1.100519025788
07/11/2018,1.110683125871
07/12/2018,1.026980804435
07/13/2018,1.141790032108
07/14/2018,1.154979211034
07/15/2018,1.171528445589
07/16/2018,1.18438397691
07/17/2018,1.1919439805
07/18/2018,1.2041311916
07/19/2018,1.216635617508
07/20/2018,1.2328316675
07/21/2018,1.698784372884
07/22/2018,1.255466255293
07/23/2018,1.261899207592
07/24/2018,1.270163363526
07/25/2018,1.279248735472
07/26/2018,1.282960000105
07/27/2018,1.282839547916
07/28/2018,1.287587304445
07/29/2018,1.293998165198
07/30/2018,1.305413539634
07/31/2018,1.303388412286
08/01/2018,1.314401776415
08/02/2018,1.319799240431
08/03/2018,1.358629983
08/04/2018,1.360965197076
08/05/2018,1.368432358461
08/06/2018,1.372706159612
08/07/2018,1.376547558694
08/08/2018,1.382819353294
08/09/2018,1.393996398895
08/10/2018,1.381230680415
08/11/2018,1.308038693003
08/12/2018,1.420153987871
08/13/2018,1.431908508042
08/14/2018,1.42754056951
08/15/2018,1.451466488707
08/16/2018,1.462244559336
08/17/2018,1.474899853861
08/18/2018,1.487175626024
08/19/2018,1.493066769056
08/20/2018,1.486158971815
08/21/2018,1.523918884466
08/22/2018,1.572999819061
08/23/2018,1.647297475089
08/24/2018,1.654779934055
08/25/2018,1.662219574921
08/26/2018,1.674138671216
08/27/2018,1.687391083855
08/28/2018,1.691796663804
08/29/2018,1.69565357586
08/30/2018,1.51465453937
08/31/2018,1.348181223647
09/01/2018,1.405578878687
09/02/2018,1.414960345547
09/03/2018,1.321453530616
09/04/2018,1.38860643959
09/05/2018,1.43916712004
09/06/2018,1.452916754084
09/07/2018,1.470566474293
09/08/2018,1.490581313259
09/09/2018,1.511004744487
09/10/2018,1.540563331651
09/11/2018,1.577296590561
09/12/2018,1.588041708642
09/13/2018,1.597668149481
09/14/2018,1.59917788266
09/15/2018,1.605161859528
09/16/2018,1.621551284443
09/17/2018,1.421166001887
09/18/2018,1.631717759752
09/19/2018,1.663901385422
09/20/2018,1.663428848732
09/21/2018,1.671931863234
09/22/2018,1.68211117221
09/23/2018,1.702643488991
09/24/2018,1.713504959907
09/25/2018,1.720415952291
09/26/2018,1.729549166155
09/27/2018,1.739950907028
09/28/2018,1.745776297552
09/29/2018,1.751462815446
09/30/2018,1.765222868027
10/01/2018,1.594164964287
10/02/2018,1.774158456301
10/03/2018,1.822732436665
10/04/2018,1.862308270528
10/05/2018,1.868772369466
10/06/2018,1.947450432199
10/07/2018,1.917320358479
10/08/2018,1.93523092945
10/09/2018,1.944657513405
10/10/2018,1.955690349859
10/11/2018,1.949865730097
10/12/2018,1.937206454031
10/13/2018,1.935619736158
10/14/2018,1.928156159864
10/15/2018,1.94584838437
10/16/2018,1.94861264246
10/17/2018,1.952173240197
10/18/2018,1.955937773
10/19/2018,1.947922752693
10/20/2018,1.952179082307
10/21/2018,1.963076187552
10/22/2018,1.969503378551
10/23/2018,1.99064959059
10/24/2018,1.970671791637
10/25/2018,1.955726888292
10/26/2018,1.957986491375
10/27/2018,1.957981143227
10/28/2018,1.955433466233
10/29/2018,1.955661061589
10/30/2018,1.953189949891
10/31/2018,1.958786703776
11/01/2018,1.955803575387
11/02/2018,1.957106878519
11/03/2018,1.957324161861
11/04/2018,1.958438484084
11/05/2018,1.936558852613
11/06/2018,1.954102872116
11/07/2018,1.954836749195
11/08/2018,1.94687575018
11/09/2018,1.949874505656
11/10/2018,1.951189438594
11/11/2018,1.936168418402
11/12/2018,1.92912068228
11/13/2018,1.933863782061
11/14/2018,1.918617255052
11/15/2018,1.906068209499
11/16/2018,1.913053
11/17/2018,1.905672068531
11/18/2018,1.906568285726
11/19/2018,1.907361370861
11/20/2018,1.905174895795
11/21/2018,1.903976423584
11/22/2018,1.904154476491
11/23/2018,1.905610783499
11/24/2018,1.904699742478
11/25/2018,1.904294381538
11/26/2018,1.904835759097
11/27/2018,1.834222587334
11/28/2018,1.922487032677
11/29/2018,1.877025495838
11/30/2018,1.893485250842
12/01/2018,1.633214518027
12/02/2018,1.829258125763
12/03/2018,1.795731481443
12/04/2018,1.776970340219
12/05/2018,1.776634069542
12/06/2018,1.768003078351
12/07/2018,1.75665868839
12/08/2018,1.745593229328
12/09/2018,1.744209371943
12/10/2018,1.740441881586
12/11/2018,1.730518918232
12/12/2018,1.712294154261
12/13/2018,1.691633025899
12/14/2018,1.723501629158
12/15/2018,1.707796527647
12/16/2018,1.702003865086
12/17/2018,1.679039695679
12/18/2018,1.675122055866
12/19/2018,1.654898857958
12/20/2018,1.648655975485
12/21/2018,1.626793349502
12/22/2018,1.611217592497
12/23/2018,1.611708972295
12/24/2018,1.588842212354
12/25/2018,1.573477452952
12/26/2018,1.532361791613
12/27/2018,1.504110071516
12/28/2018,1.458839486755
12/29/2018,1.371770673197
12/30/2018,1.373209136094
12/31/2018,1.388043760517
01/01/2019,1.379354867
01/02/2019,1.367269192508
01/03/2019,1.361713005548
01/04/2019,1.357959970687
01/05/2019,1.345334429159
01/06/2019,1.340625716909
01/07/2019,1.323581751493
01/08/2019,1.277463981848
01/09/2019,1.253540863821
01/10/2019,1.229877550494
01/11/2019,1.191432861634
01/12/2019,1.172922515961
01/13/2019,1.154907948314
01/14/2019,1.124816603374
01/17/2019,1.026216277291
01/18/2019,0.095645552
01/22/2019,0.095645552
01/23/2019,0.095645552
01/24/2019,0.095645552
01/25/2019,0.095645552
01/26/2019,0.095645552
01/27/2019,0.095645552
01/28/2019,0.095645552
01/29/2019,0.095645552
01/30/2019,0.095645552
01/31/2019,0.095645552
02/01/2019,0.095645552
02/02/2019,0.095645552
02/03/2019,0.095645552
02/04/2019,0.095645552
02/05/2019,0.095645552
02/06/2019,0.095645552
02/07/2019,0.095645552
02/08/2019,0.095645552
02/09/2019,0.095645552
02/10/2019,0.095645552
02/14/2019,0.095645552
02/15/2019,0.095645552
02/16/2019,0.095645552
02/19/2019,0.095645552
02/20/2019,0.095645552
02/21/2019,0.095645552
02/22/2019,0.095645552
02/23/2019,0.095645552
02/24/2019,0.095645552
02/25/2019,0.095645552
02/26/2019,0.095645552
02/27/2019,0.095645552
02/28/2019,0.095645552
03/01/2019,0.095645552
03/02/2019,0.095645552
03/04/2019,0.095645552
03/05/2019,0.095645552
03/06/2019,0.095645552
03/07/2019,0.095645552
03/08/2019,0.095645552
03/09/2019,0.095645552
03/10/2019,0.095645552
03/11/2019,0.095645552
03/12/2019,0.095645552
03/14/2019,0.095645552
03/15/2019,0.095645552
03/16/2019,0.095645552
03/17/2019,0.095645552
03/18/2019,0.095645552
03/19/2019,0.095645552
03/20/2019,0.095645552
03/21/2019,0.7876546315195
03/22/2019,0.8226947613985
03/23/2019,0.8811813475222
03/24/2019,0.8848657747987
03/25/2019,0.8970190265998
03/26/2019,1.068808361355
03/27/2019,1.111435890936
03/28/2019,1.120029353036
03/29/2019,1.141413104096
03/30/2019,1.139188846508
03/31/2019,1.150398827718
04/01/2019,1.164551738287
04/02/2019,1.161203388133
04/03/2019,1.15074580038
04/04/2019,1.154531191206
04/05/2019,1.166645447768
04/06/2019,1.162113696926
04/07/2019,1.145258814932
04/08/2019,1.152759301591
04/09/2019,1.175725089465
04/10/2019,1.164516537413
04/11/2019,1.187672440361
04/12/2019,1.198063225344
04/13/2019,1.205368348778
04/14/2019,1.222126079576
04/15/2019,1.228288853071
04/16/2019,1.234743422526
04/17/2019,1.211885229771
04/18/2019,1.195042910478
04/19/2019,1.205561322166
04/20/2019,1.219785820641
04/21/2019,1.230608682723
04/22/2019,1.179495097858
04/23/2019,1.205649047585
04/24/2019,1.190088314612
04/25/2019,1.18945480012
04/26/2019,1.170242359994
04/27/2019,1.143220145522
04/28/2019,1.143037475389
04/29/2019,1.129387012633
04/30/2019,1.126537073117
05/01/2019,1.116419013215
05/02/2019,1.100946956238
05/03/2019,1.072474832
05/04/2019,0.095645552
05/06/2019,8.707705657767
05/07/2019,11.01041581749
05/08/2019,1.237423430327
05/09/2019,150.4553625406
05/10/2019,105.2032603182
05/11/2019,1.998557339379
05/12/2019,56.25313247009
05/13/2019,12.85594158973
05/14/2019,1.179679430966
05/15/2019,3.310658747676
05/16/2019,43.39098369415
05/17/2019,52.53822108359
05/18/2019,23.70056108359
05/19/2019,266.6681265116
05/20/2019,166.3888610254
05/21/2019,239.2113369377
05/22/2019,69.73735554617
05/23/2019,22.52434990885
05/24/2019,61.60996752714
05/25/2019,66.21240345195
05/26/2019,97.99373307558
05/27/2019,181.5296136339
05/28/2019,121.3279483645
05/29/2019,1080.219799942
06/04/2019,1.233216415773
06/05/2019,1.246517604578
06/06/2019,1.2543723794
06/07/2019,1.276870978383
06/08/2019,1.2825794937
06/09/2019,1.289976719403
06/10/2019,1.310060600205
06/11/2019,1.322580124252
06/12/2019,1.340095962842
06/13/2019,1.358881439562
06/14/2019,1.379714498065
06/15/2019,1.395130294976
06/16/2019,1.415836289412
06/17/2019,1.440959754834
06/18/2019,1.466932991
06/19/2019,1.478413877605
06/20/2019,1.501423535192
06/21/2019,1.491690311795
06/22/2019,1.533072644088
06/23/2019,1.554873127758
06/24/2019,1.578866408555
06/25/2019,1.60200977079
06/26/2019,2.315361356528
06/27/2019,1.124511419439
06/28/2019,1.170652627659
06/29/2019,1.171631962
06/30/2019,1.173948514802
07/01/2019,1.181275793197
07/02/2019,1.187028732433
07/08/2019,1.212130536053
07/09/2019,1.212255999
07/10/2019,1.212777704339
07/11/2019,1.216291125874
07/12/2019,1.220295003832
07/13/2019,1.224957401402
07/14/2019,1.226000199748
07/15/2019,1.229353033452
07/16/2019,1.237051668403
07/17/2019,1.242951242779
07/18/2019,1.246272364471
07/19/2019,1.252062877308
07/20/2019,1.253407336
07/21/2019,1.264228527632
07/22/2019,1.258495751123
07/23/2019,1.2659096893
07/24/2019,1.2742445915
07/25/2019,1.2742445915
07/26/2019,1.2742445915
07/27/2019,1.2742445915
07/28/2019,1.2742445915
07/29/2019,1.2742445915
07/30/2019,1.27087094061
07/31/2019,1.269356665803
08/01/2019,1.274632736455
08/02/2019,1.2742445915
08/03/2019,1.278059412122
08/04/2019,1.2876798049
08/05/2019,1.295081847
08/06/2019,1.29870464018
08/07/2019,1.3077399483
08/08/2019,1.3161786825
08/09/2019,1.374931171584
08/10/2019,1.36847617967
08/11/2019,1.370632127562
08/12/2019,1.387396574897
08/13/2019,1.414353539747
08/14/2019,1.42245215092
08/15/2019,1.436277226447
08/16/2019,1.447439952575
08/17/2019,1.460644874941
08/18/2019,1.464994882055
08/19/2019,1.47071095074
08/20/2019,1.480934527991
08/21/2019,1.467260608218
08/22/2019,1.494960454802
08/23/2019,1.463129146843
08/24/2019,1.50556086714
08/25/2019,1.512351016754
08/26/2019,1.523962559421
08/27/2019,1.5245851888
08/28/2019,1.526338540844
08/29/2019,1.541272041005
08/30/2019,1.545488205007
08/31/2019,1.549056171295
09/01/2019,1.548543586942
09/02/2019,1.553967894536
09/03/2019,1.563088607298
09/04/2019,1.5694673108
09/05/2019,1.5694673108
09/06/2019,1.5694673108
09/07/2019,1.571735693487
09/08/2019,1.578513346
09/09/2019,1.581187585475
09/10/2019,1.5920823988
09/11/2019,1.596758288413
09/12/2019,1.604002616214
09/13/2019,1.616040411841
09/14/2019,1.622835241968
09/15/2019,1.623990461
09/16/2019,1.636164798635
09/17/2019,1.663846882927
09/18/2019,1.6699598235
09/19/2019,1.685669270286
09/20/2019,1.693067159
09/21/2019,1.693067159
09/22/2019,1.693067159
09/23/2019,1.69289339451
09/24/2019,1.693067159
09/25/2019,1.691616999752
09/26/2019,1.693040947865
09/27/2019,1.690754808422
09/28/2019,1.695782822557
09/29/2019,1.606766982531
09/30/2019,1.701623651259
10/01/2019,1.693614453452
10/02/2019,1.693260087977
10/03/2019,1.623146270404
10/04/2019,1.686850768625
10/05/2019,1.688354887479
10/06/2019,1.687466870532
10/07/2019,1.650981468994
10/08/2019,1.670908745428
10/09/2019,1.670749567878
10/10/2019,1.66182642733
10/11/2019,1.6560954222
10/12/2019,1.657699509404
10/13/2019,1.657077814064
10/14/2019,1.634856809978
10/15/2019,1.624399844081
10/16/2019,1.6148456502
10/17/2019,1.603340419816
10/18/2019,1.596566592215
10/19/2019,1.56291111832
10/20/2019,1.533853516165
10/21/2019,1.492088550824
10/22/2019,1.46875068178
10/23/2019,1.452916529011
10/24/2019,1.445400386802
10/25/2019,1.427851224107
10/26/2019,1.412407645491
10/27/2019,1.401273369906
10/28/2019,1.36503177325
10/29/2019,1.350368744828
10/30/2019,1.338998857954
10/31/2019,1.321091358863
11/01/2019,1.292849821233
11/02/2019,1.2659096893
11/03/2019,1.243961749741
11/04/2019,1.2659096893
11/05/2019,1.2659096893
11/06/2019,1.2659096893
11/07/2019,1.261258991211
11/08/2019,1.265415561988
11/09/2019,1.270653457058
11/10/2019,1.27703964451
11/11/2019,1.278637583168
11/12/2019,1.286542657981
11/13/2019,1.29178717739
11/14/2019,1.29408975474
11/15/2019,1.305332954134
11/16/2019,1.306113639782
11/17/2019,1.311682152222
11/18/2019,1.319305868293
11/19/2019,1.325823253971
11/20/2019,1.327149924003
11/21/2019,1.326875497135
11/22/2019,1.318335509816
11/23/2019,1.324818554988
11/24/2019,1.331454128216
11/25/2019,1.346848367224
11/26/2019,1.346162456983
11/27/2019,1.3590570723
11/28/2019,1.36762649538
11/29/2019,1.374560564805
11/30/2019,1.359277271316
12/01/2019,1.361086622456
12/02/2019,1.3602211
12/03/2019,1.362980975269
12/04/2019,1.377222213332
12/05/2019,1.376129679188
12/06/2019,1.364738563058
12/07/2019,1.330586775196
12/08/2019,1.367171769
12/09/2019,1.369554410577
12/10/2019,1.362927774556
12/11/2019,1.360180424829
12/12/2019,1.35612225527
12/13/2019,1.358504879544
12/14/2019,1.347662202561
12/15/2019,1.334958928089
12/16/2019,1.318026861549
12/17/2019,1.319880316826
12/18/2019,1.322292459318
12/19/2019,1.266255589714
12/20/2019,1.310506571285
12/21/2019,1.316187436374
12/22/2019,1.313707211298
12/23/2019,1.313532638725
12/24/2019,1.307048614367
12/25/2019,1.308243162109
12/26/2019,1.305258142072
12/27/2019,1.299215104567
12/28/2019,1.295081847
12/29/2019,1.2936459042
12/30/2019,1.294467944855
12/31/2019,1.294687035843
01/01/2020,1.300722990668
01/02/2020,1.292832854583
01/03/2020,1.2867469448
01/04/2020,1.289157376006
01/05/2020,1.292297302894
01/06/2020,1.2867469448
01/07/2020,1.287226833108
01/08/2020,1.290596258352
01/09/2020,1.282585421795
01/10/2020,1.274471341151
01/11/2020,1.285756138087
01/12/2020,1.282344210646
01/13/2020,1.284470144181
01/14/2020,1.277044697427
01/15/2020,1.2742445915
01/16/2020,1.278984302657
01/17/2020,1.279728715556
01/18/2020,1.2742445915
01/19/2020,1.273612188081
01/20/2020,1.279860284439
01/21/2020,1.284022417629
01/22/2020,1.278133632506
01/23/2020,1.284330677398
01/24/2020,1.290437336902
01/25/2020,1.284810779214
01/26/2020,1.284529666556
01/27/2020,1.283491540747
01/28/2020,1.285323428558
01/29/2020,1.2867469448
01/30/2020,1.283614644403
01/31/2020,1.274990409995
02/01/2020,1.275070218605
02/02/2020,1.290404799199
02/03/2020,1.284343656298
02/04/2020,1.282112680273
02/05/2020,1.285454649678
02/06/2020,1.290259322623
02/07/2020,1.293568116401
02/08/2020,1.293316080812
02/09/2020,1.28846210051
02/10/2020,1.288011490228
02/11/2020,1.292865734641
02/12/2020,1.29854152876
02/13/2020,1.302920239648
02/14/2020,1.307964300987
02/15/2020,1.307930928596
02/16/2020,1.311990213656
02/17/2020,1.274711110719
02/18/2020,1.281856240958
02/19/2020,1.237147870602
02/20/2020,1.232946509921
02/21/2020,1.243051550369
02/22/2020,1.247613622261
02/23/2020,1.247155288338
02/24/2020,1.251924747415
02/25/2020,1.252571615124
02/26/2020,1.261246034568
02/27/2020,1.268149488906
02/28/2020,1.279910821519
02/29/2020,1.291726158641
03/01/2020,1.295851717376
03/02/2020,1.295081847
03/03/2020,1.3077399483
03/04/2020,1.309061051807
03/05/2020,1.301138648195
03/06/2020,0.9403283019662
03/07/2020,0.720085620658
03/08/2020,0.6165199051605
03/09/2020,0.7313903480185
03/10/2020,0.9957943513934
03/11/2020,0.9610602569355
03/12/2020,1.212291308341
03/13/2020,1.21940184793
03/14/2020,0.9450221018762
03/15/2020,1.038307560408
03/16/2020,0.6990747939299
03/17/2020,0.6057301533312
03/18/2020,1.157479436127
03/19/2020,1.234907028153
03/20/2020,0.5203871286955
03/21/2020,0.4971179799564
03/22/2020,0.9885446338471
03/23/2020,0.8542306933298
03/24/2020,1.0838837063
03/25/2020,0.9618676060314
03/26/2020,0.6320054381929
03/27/2020,0.5581871991884
03/28/2020,0.5870943211328
03/29/2020,0.658647235995
03/30/2020,0.9584113599926
03/31/2020,0.8567977396423
04/01/2020,0.7182231002337
04/02/2020,0.7073362594287
04/03/2020,0.6863774972577
04/04/2020,0.6882391918638
04/05/2020,0.804408857865
04/06/2020,0.6856391957609
04/07/2020,0.9758032699052
04/08/2020,1.332777509481
04/09/2020,0.594845469642
04/10/2020,1.302459536595
04/11/2020,1.306969575837
04/12/2020,0.6863475099037
04/13/2020,0.3073366599712
04/14/2020,0.8915656697652
04/15/2020,0.6923776386633
04/16/2020,0.6333403009588
04/17/2020,0.6249132471749
04/18/2020,0.7415675480719
04/19/2020,0.849768413066
04/20/2020,0.8916480857536
04/21/2020,1.112944083972
04/22/2020,0.9987666787748
04/23/2020,0.8761278294168
04/24/2020,0.9908518102235
04/25/2020,1.099094790563
04/26/2020,0.8567623797908
04/27/2020,1.188197799788
04/28/2020,0.9736737093274
04/29/2020,1.113442298952
04/30/2020,1.340749671742
05/01/2020,0.9805273172691
05/02/2020,0.7466521620554
05/03/2020,0.9582195564972
05/04/2020,0.8249986546942
05/05/2020,0.9297480921245
05/06/2020,0.9556555769755
05/07/2020,0.773328675372
05/08/2020,0.9426601382528
05/09/2020,0.8892639875329
05/10/2020,1.081966910052
05/11/2020,1.101212021745
05/12/2020,0.9710310419809
05/13/2020,0.9162075735373
05/14/2020,1.2328316675
05/15/2020,1.197444553255
05/16/2020,1.22703002745
05/17/2020,1.20939172109
05/18/2020,1.25719030165
05/19/2020,1.222741181196
05/20/2020,1.219004328371
05/21/2020,1.21957956726
05/22/2020,1.210628658704
05/23/2020,1.206884938035
05/24/2020,1.223684117769
05/25/2020,1.191693151694
05/26/2020,1.232553498591
05/27/2020,1.227476362702
05/28/2020,1.234560606442
05/29/2020,1.244270242774
05/30/2020,1.244869616082
05/31/2020,1.245582891465
06/01/2020,1.247231000173
06/02/2020,1.247915546181
06/03/2020,1.25174537016
06/04/2020,1.253727355812
06/05/2020,1.268026912397
06/06/2020,1.248527766677
06/07/2020,1.254413045978
06/08/2020,1.246390616064
06/09/2020,1.241676493666
06/10/2020,1.2451770686
06/11/2020,1.2451770686
06/12/2020,1.244884237173
06/13/2020,1.247024437973
06/14/2020,1.243924636604
06/15/2020,1.242478450772
06/16/2020,1.243260509828
06/17/2020,1.231107838573
06/18/2020,1.22668123499
06/19/2020,3.682641966779
06/20/2020,1.221997431634
06/21/2020,1.223647893511
06/22/2020,1.219917496135
06/23/2020,6.886042054923
06/25/2020,0.6539507755
06/26/2020,0.6539507755
06/27/2020,1.212255999
06/28/2020,1.2204862664
06/29/2020,0.9216048277471
06/30/2020,1.190417626784
07/01/2020,1.199735455194
07/02/2020,1.182277343447
07/03/2020,1.190095392228
07/04/2020,1.189222293875
07/05/2020,1.1838191731
07/06/2020,1.1838191731
07/07/2020,1.1838191731
07/08/2020,1.1838191731
07/10/2020,0.63973236255
07/11/2020,1.186823213731
07/12/2020,1.192600214944
07/13/2020,1.193312921707
07/14/2020,1.2041311916
07/15/2020,1.209926249073
07/16/2020,0.6539507755
07/17/2020,1.2204862664
07/18/2020,1.227690011437
07/19/2020,1.2328316675
07/20/2020,1.110424458101
07/21/2020,1.25493751969
07/22/2020,1.27871327779
07/23/2020,1.293268305564
07/24/2020,1.310746291056
07/25/2020,1.336627802474
07/26/2020,1.357931597981
07/27/2020,1.371354914808
07/28/2020,1.405187093673
07/29/2020,1.425304971322
07/30/2020,1.442517354791
07/31/2020,1.464473802448
08/01/2020,1.493353746881
08/02/2020,1.512101540168
08/03/2020,1.528996976586
08/04/2020,1.536358031232
08/05/2020,1.562157008882
08/06/2020,1.574575053109
08/07/2020,1.5818617167
08/08/2020,1.5920823988
08/09/2020,1.599609875744
08/10/2020,1.614900790525
08/11/2020,1.63000526558
08/12/2020,1.649957621813
08/13/2020,1.69842856031
08/14/2020,1.707099572297
08/15/2020,1.724717245621
08/16/2020,1.752148310445
08/17/2020,1.776722812795
08/18/2020,1.798205101904
08/19/2020,1.830322118596
08/20/2020,1.864659696361
08/21/2020,1.864514925981
08/22/2020,1.882096576681
08/23/2020,1.90020622456
08/24/2020,1.90600404249
08/25/2020,1.923610482404
08/26/2020,1.931341469193
08/27/2020,1.95135313945
08/28/2020,1.951981854736
08/29/2020,1.967503977136
08/30/2020,1.984212805548
08/31/2020,2.011133468897
09/01/2020,2.011491973473
09/02/2020,2.036251897122
09/03/2020,2.049910526476
09/04/2020,2.062473767705
09/08/2020,2.180481004465
09/09/2020,2.179679589363
09/10/2020,2.200378511673
09/11/2020,2.205356634607
09/12/2020,2.218056935761
09/13/2020,2.239945830291
09/14/2020,2.24814328591
09/15/2020,2.260587646408
09/16/2020,2.373246353095
09/17/2020,2.39261072311
09/18/2020,2.385697488446
09/19/2020,2.389014201192
09/20/2020,2.393520263634
09/21/2020,2.399150283108
09/22/2020,2.408795405238
09/23/2020,2.414940879556
09/24/2020,2.425383441108
09/25/2020,2.4371663219
09/26/2020,2.439597459756
09/27/2020,2.437756639016
09/28/2020,2.44018421157
09/29/2020,2.450577283616
09/30/2020,2.454859412173
10/01/2020,2.463135585133
10/02/2020,2.468768123143
10/03/2020,2.476757567665
10/04/2020,2.4860948574
10/05/2020,2.469992226
10/08/2020,2.48259534936
10/09/2020,2.493042856321
10/10/2020,2.490813277509
10/11/2020,2.459684330556
10/12/2020,2.45513370109
10/13/2020,2.445187873996
10/14/2020,2.432716178488
10/15/2020,2.411254483906
10/16/2020,2.405271003328
10/17/2020,2.403202125093
10/18/2020,2.392952649649
10/19/2020,2.382273259575
10/20/2020,2.375976770852
10/21/2020,2.372476690248
10/22/2020,2.332509250745
10/24/2020,2.284733951021
10/25/2020,2.2692584372
10/28/2020,2.146321422664
10/29/2020,2.115537921054
10/30/2020,2.037533699147
10/31/2020,2.001043699715
11/01/2020,1.960344157115
11/02/2020,1.906151366515
11/03/2020,1.889272923093
11/04/2020,1.854686983845
11/05/2020,1.858510252534
11/06/2020,1.869279561789
11/09/2020,1.7539251873
11/11/2020,1.646852488
11/13/2020,1.5920823988
11/14/2020,1.5424783712
11/15/2020,1.525888090431
11/16/2020,1.492586105192
11/17/2020,1.466932991
11/18/2020,1.411011521229
11/19/2020,1.198765226396
11/20/2020,1.239336755547
11/21/2020,1.228008991049
11/22/2020,1.227595548087
11/23/2020,1.228382485158
11/24/2020,1.224068551275
11/25/2020,1.241700616503
11/26/2020,1.232840678742
11/27/2020,1.225565508544
11/28/2020,1.223304541129
11/29/2020,1.219333845798
11/30/2020,1.223229138421
12/01/2020,1.218344462545
12/02/2020,1.215081907443
12/03/2020,1.220297247285
12/04/2020,1.21546986046
12/05/2020,1.196038536775
12/06/2020,1.216119028023
12/07/2020,1.217912808153
12/08/2020,1.226799361959
12/09/2020,1.240138647385
12/10/2020,1.2451770686
12/11/2020,1.248646169286
12/12/2020,1.251975543364
12/13/2020,1.2528146342
12/14/2020,1.261909641098
12/15/2020,1.265555346204
12/16/2020,1.269223716184
12/17/2020,1.286692233326
12/18/2020,1.292109532927
12/19/2020,1.293081874933
12/20/2020,1.191299439175
12/21/2020,1.305356005889
12/22/2020,1.310662453651
12/23/2020,1.301407017296
12/24/2020,1.302184943459
12/25/2020,1.315191240161
12/26/2020,1.315314386906
12/27/2020,1.316959606882
12/28/2020,1.320690773737
12/29/2020,1.320778064078
12/30/2020,1.330050111654
12/31/2020,1.333303690797
01/01/2021,1.353191219548
01/02/2021,1.365163763072
01/03/2021,1.377576267844
01/04/2021,1.377399740898
01/05/2021,1.37541536202
01/06/2021,1.385987280083
01/07/2021,1.392556093477
01/08/2021,1.401161145566
01/09/2021,1.403767978293
01/10/2021,1.370372684584
01/11/2021,1.380812708074
01/12/2021,1.396664431755
01/13/2021,1.392542631271
01/14/2021,1.368636331887
01/15/2021,1.379869221326
01/16/2021,1.238840384777
01/17/2021,1.371226462266
01/18/2021,1.357511259102
01/19/2021,1.343367051389
01/20/2021,1.304922001856
01/21/2021,1.308907144869
01/22/2021,1.313633432262
01/23/2021,1.314114701389
01/24/2021,1.315559762643
01/25/2021,1.324250515213
01/26/2021,1.332072733129
01/27/2021,1.335466834757
01/28/2021,1.350983222397
01/29/2021,1.364054171294
01/30/2021,1.368574511509
01/31/2021,1.380076817156
02/01/2021,1.401857504358
02/02/2021,1.422182161386
02/03/2021,1.435667537653
02/04/2021,1.4363232846
06/08/2021,1.208412424912
06/09/2021,1.249736889101
06/10/2021,1.279750526363
06/11/2021,1.277257102755
06/12/2021,1.266388174426
06/13/2021,1.265672418361
06/14/2021,1.256823985342
06/15/2021,1.24913072237
06/16/2021,1.2451770686
07/20/2021,1.299116414992
07/21/2021,1.348314165527
07/22/2021,1.345156473544
07/23/2021,1.267948596106
07/24/2021,1.372534651687
07/25/2021,1.38691248303
07/26/2021,1.401058710652
07/27/2021,1.421766908349
07/28/2021,1.438168826873
07/29/2021,1.456941318275
07/30/2021,1.487205218895
07/31/2021,1.524878655393
08/01/2021,1.507428057219
08/02/2021,1.662880129219
08/03/2021,1.690588710918
08/04/2021,1.589919267695
08/05/2021,1.724049456098
08/06/2021,1.751181564471
08/07/2021,1.795364594269
08/08/2021,1.819313206766
08/09/2021,1.844984175807
08/10/2021,1.881508744168
08/11/2021,1.907004831726
08/12/2021,1.956606628041
08/13/2021,1.982547520995
08/14/2021,2.021136320163
08/15/2021,2.047777350717
08/16/2021,2.093633459575
08/17/2021,2.1251543587
08/18/2021,2.177704270839
08/19/2021,2.20762826495
08/20/2021,2.217725731343
08/21/2021,2.234718435699
08/22/2021,2.259000968393
08/23/2021,2.293275616817
08/24/2021,2.327903016574
08/25/2021,2.374599852624
08/26/2021,2.437333354663
08/27/2021,2.508909830925
08/28/2021,2.56530571803
08/29/2021,2.619478284557
08/30/2021,2.683611660074
08/31/2021,2.73457407156
09/01/2021,2.783979677044
09/02/2021,2.828050412
09/03/2021,2.874660703655
09/04/2021,2.907445394925
09/05/2021,2.927706631303
09/06/2021,2.547422960852
09/07/2021,3.052140336367
09/08/2021,3.116692434341
09/09/2021,3.155097640031
09/10/2021,3.218531750623
09/11/2021,3.286584799518
09/12/2021,3.344514582271
09/13/2021,3.354448250799
09/14/2021,3.357095120611
09/15/2021,3.36635315756
09/16/2021,3.385190306808
09/17/2021,3.367517657316
09/18/2021,3.376135969912
09/19/2021,3.377065813125
09/20/2021,3.370322884363
09/21/2021,3.352170971699
09/22/2021,3.345813543027
09/23/2021,3.338249672582
09/24/2021,3.331073394828
09/25/2021,3.325047605335
09/26/2021,3.321519422458
09/27/2021,3.308449736356
09/28/2021,3.305157192781
09/29/2021,3.297158899474
09/30/2021,3.287220288298
10/01/2021,3.273297788605
10/02/2021,3.248124976773
10/03/2021,3.212102194036
10/04/2021,3.199013447544
10/05/2021,3.198755035063
10/06/2021,3.194054665348
10/07/2021,3.161030832835
10/08/2021,3.166464579147
10/09/2021,3.206628426225
10/10/2021,3.165612621823
10/11/2021,3.162431847704
10/12/2021,3.15366944785
10/13/2021,3.10786988393
10/14/2021,3.065671560358
10/15/2021,3.029303036682
10/16/2021,2.958282488573
10/17/2021,2.91809980577
10/18/2021,2.952216807237
10/19/2021,2.940956062178
10/20/2021,2.925211542059
10/21/2021,2.91874329627
10/22/2021,2.915769763647
10/23/2021,2.929441536177
10/24/2021,2.907203959205
10/25/2021,2.88599331554
10/26/2021,2.904508452265
10/27/2021,2.893727479811
10/28/2021,2.839534575256
10/29/2021,2.832119432458
10/30/2021,2.815973241253
10/31/2021,2.789381780369
11/01/2021,2.761781829381
11/02/2021,2.747135485562
11/03/2021,2.719799901892
11/04/2021,2.713291216823
11/05/2021,2.685990830903
11/06/2021,2.675311439219
11/07/2021,2.64983552957
11/08/2021,2.639190125377
11/09/2021,2.60826575536
11/10/2021,2.562954849181
11/11/2021,2.520227007235
11/12/2021,2.497451457869
11/13/2021,2.433558480454
11/14/2021,2.468585861396
11/15/2021,2.458517835197
11/16/2021,2.445152279357
11/17/2021,2.408824822511
11/18/2021,2.390056962953
11/19/2021,2.346784308622
11/20/2021,2.290643220243
11/21/2021,2.225510999802
11/22/2021,2.183253980855
11/23/2021,2.143431469721
11/24/2021,2.088852959784
11/25/2021,2.000283171448
11/26/2021,1.945188179781
11/27/2021,1.894990692773
11/28/2021,1.822510454198
11/29/2021,1.793862584159
11/30/2021,1.750876785703
12/01/2021,1.69539031422
12/02/2021,1.665029032444
12/03/2021,1.62811426857
12/04/2021,1.596385360932
12/05/2021,7.874554365811
12/06/2021,1.532830228386
12/07/2021,1.355185266711
12/08/2021,1.464382776553
12/09/2021,1.419755343095
12/10/2021,1.398955774743
12/11/2021,1.360188154952
12/12/2021,1.355108369474
12/13/2021,1.325339014584
12/14/2021,1.325905497997
12/15/2021,1.043296441167
12/16/2021,1.231954494002
12/17/2021,1.31069350527
12/18/2021,1.309856115322
12/19/2021,1.289110528422
12/20/2021,1.263272914788
12/21/2021,1.264647877717
12/22/2021,0.7592167659075
12/23/2021,1.27062037466
12/24/2021,1.268145882573
12/25/2021,1.257553965861
12/26/2021,1.26188990379
12/27/2021,1.261422277287
12/28/2021,1.251670910956
12/29/2021,1.253070413806
12/30/2021,1.249639608643
12/31/2021,1.257100392132
01/01/2022,1.234513741143
01/02/2022,1.223124372157
01/03/2022,1.23540967773
01/04/2022,1.230908686508
01/05/2022,1.2204862664
01/06/2022,1.218665723182
01/07/2022,1.217046958932
01/08/2022,1.202126613059
01/09/2022,1.205617351366
01/10/2022,1.061054219104
01/11/2022,1.15170535266
01/12/2022,0.9901913844299
01/13/2022,0.9321806239943
01/14/2022,1.093092610775
01/15/2022,0.832662302774
01/16/2022,0.2777226946651
01/17/2022,0.095645552
01/18/2022,0.095645552
01/19/2022,0.095645552
01/20/2022,0.095645552
01/21/2022,0.095645552
01/22/2022,0.095645552
01/23/2022,0.095645552
01/24/2022,0.095645552
01/25/2022,0.095645552
01/26/2022,0.095645552
03/23/2022,1.052313556724
03/24/2022,1.044965364383
03/25/2022,1.034147328714
03/26/2022,1.035951745696
03/27/2022,1.043490868929
03/28/2022,1.035407156004
03/29/2022,1.046617887107
03/30/2022,1.056136536663
03/31/2022,1.059224194155
04/01/2022,1.068830558311
04/02/2022,1.08411621461
04/03/2022,1.085844406425
04/04/2022,1.102959707784
04/05/2022,1.12400442118
04/06/2022,1.11375196409
04/07/2022,1.1117611875
04/08/2022,1.134823399746
04/09/2022,1.134232459437
04/10/2022,1.136442327233
04/11/2022,1.139965341855
04/12/2022,1.142148015814
04/13/2022,1.156058045029
04/14/2022,1.172638083555
04/15/2022,1.149749144853
04/16/2022,1.153457656157
04/17/2022,1.149411244608
04/18/2022,1.157245475634
04/19/2022,1.173824572374
04/20/2022,1.17901151858
04/21/2022,1.179847847459
04/22/2022,1.180425195898
04/23/2022,1.171006887472
04/24/2022,1.176124590741
04/25/2022,1.182881144514
04/26/2022,1.194110266334
04/27/2022,1.186961472678
04/28/2022,1.190923912122
04/29/2022,1.182621849624
04/30/2022,1.183798883625
05/01/2022,1.184549218133
05/02/2022,1.192086998904
05/03/2022,1.188984062348
05/04/2022,1.196372234677
05/05/2022,1.207080417893
05/06/2022,1.205233844033
05/07/2022,1.199124269302
05/08/2022,1.199935077127
05/09/2022,1.200842234868
05/10/2022,1.204799891183
05/11/2022,1.206844326443
05/12/2022,1.198238113969
05/13/2022,1.194879521123
05/14/2022,1.19085474304
05/15/2022,1.18545805559
05/16/2022,1.183759573997
05/17/2022,1.176991263692
05/18/2022,1.166941722812
05/19/2022,1.183273821978
05/20/2022,1.183022044467
05/21/2022,1.189610646475
05/22/2022,1.192862633422
05/23/2022,1.197188063046
05/24/2022,1.20961029714
05/25/2022,1.205114846044
05/26/2022,1.208324673918
05/27/2022,1.211934259934
05/28/2022,1.220301979978
05/29/2022,1.238008664892
05/30/2022,1.254988891538
05/31/2022,1.261406638172
06/01/2022,1.280853163904
06/02/2022,1.291317514207
06/03/2022,1.306272342352
06/04/2022,1.324094713352
06/05/2022,1.35050032749
06/06/2022,1.357843722612
06/07/2022,1.430861062395
06/08/2022,1.528950002196
06/09/2022,1.532721522684
06/10/2022,1.545742349922
06/11/2022,1.552619733089
06/12/2022,1.583835622214
06/13/2022,1.588454015846
06/14/2022,1.597341445094
06/15/2022,1.613121115454
06/16/2022,1.629976121928
06/17/2022,1.647935151239
06/18/2022,1.657679245117
06/19/2022,1.666448854562
06/20/2022,1.680328966954
06/21/2022,1.689788027919
06/22/2022,1.710207748932
06/23/2022,1.732507417568
06/24/2022,1.764665656687
06/25/2022,1.759618251182
06/26/2022,1.771465370936
06/27/2022,1.758097663781
06/28/2022,1.788254430056
06/29/2022,1.799283961338
06/30/2022,1.818023220349
07/01/2022,1.833935406578
07/02/2022,1.843454720832
07/03/2022,1.861532342726
07/04/2022,1.867501242321
07/05/2022,1.886784637486
07/06/2022,1.902923403336
07/07/2022,1.928844515533
07/08/2022,1.935704987256
07/09/2022,1.939071989279
07/10/2022,1.955937773
07/11/2022,1.973575264504
07/12/2022,1.991668402893
07/13/2022,2.007151323481
07/14/2022,2.039211488959
07/15/2022,2.063253076741
07/16/2022,2.046881756518
07/17/2022,2.057757496382
07/18/2022,2.0470738987
07/19/2022,2.109743827632
07/20/2022,2.116852063613
07/21/2022,2.123941534914
07/22/2022,2.132351777459
07/23/2022,1.982401557359
07/24/2022,2.136558310076
07/25/2022,2.146671601021
07/26/2022,2.133781422127
07/27/2022,2.109979508949
07/28/2022,2.083740120338
07/29/2022,2.116207136067
07/30/2022,2.135913097397
07/31/2022,2.122260222465
08/01/2022,2.124729816871
08/02/2022,2.131565917254
08/03/2022,2.124489211775
08/04/2022,2.113673663478
08/05/2022,2.126987477525
08/06/2022,2.130895830554
08/07/2022,2.139142968602
08/08/2022,2.124957245671
08/09/2022,2.121187474311
08/10/2022,2.188394572032
08/11/2022,2.18574311614
08/12/2022,2.181322419635
08/13/2022,2.19916341775
08/14/2022,2.211949995432
08/15/2022,2.249013147751
08/16/2022,2.243075934102
08/17/2022,2.220555843977
08/18/2022,2.206279199669
08/19/2022,2.199877839201
08/20/2022,2.18697831892
08/21/2022,2.158158162408
08/22/2022,2.152913098365
08/23/2022,2.151561942253
08/24/2022,2.143261402502
08/25/2022,2.150847437907
08/26/2022,2.157050545328
08/27/2022,2.197940963152
08/28/2022,2.197118026696
08/29/2022,2.19414749189
08/30/2022,2.205160403663
08/31/2022,2.113917475772
09/01/2022,2.08602028924
09/02/2022,2.075773107899
09/03/2022,2.072282468495
09/04/2022,2.055936296337
09/05/2022,2.048346935715
09/06/2022,2.029010194147
09/07/2022,2.013140732869
09/08/2022,1.955791487696
09/09/2022,1.997734662872
09/10/2022,1.983611372043
09/11/2022,1.974376949532
09/12/2022,1.923896903753
09/13/2022,2.005899645675
09/14/2022,1.999968426566
09/15/2022,2.03026366597
09/16/2022,2.108339759726
09/17/2022,2.123110725998
09/18/2022,2.150725218052
09/19/2022,2.199938931447
09/20/2022,2.18751433309
09/21/2022,2.190739521979
09/22/2022,2.190270044459
09/23/2022,2.163925977056
09/24/2022,2.149423702201
09/25/2022,2.106264608701
09/26/2022,2.079685211585
09/27/2022,2.045856476424
09/28/2022,2.030642196119
09/29/2022,2.062708754272
09/30/2022,2.045094355374
10/01/2022,2.046834031453
10/02/2022,2.035036715244
10/03/2022,2.114262201987
10/04/2022,2.415592513562
10/05/2022,2.579922007505
10/06/2022,2.387293354505
10/07/2022,2.470584202513
10/08/2022,2.52206373546
10/09/2022,2.487225181041
10/10/2022,2.553141591281
10/11/2022,2.580127357858
10/12/2022,2.538548570228
10/13/2022,2.148356042318
10/14/2022,1.787814317279
10/15/2022,1.753099717652
10/16/2022,1.731439341834
10/17/2022,1.710318581892
10/18/2022,1.683306539817
10/19/2022,1.653026284941
10/20/2022,1.637577331555
10/21/2022,1.624883675078
10/22/2022,1.684239100771
10/23/2022,1.729522739989
10/24/2022,1.714799927861
10/25/2022,1.514716303033
10/26/2022,1.676941758481
10/27/2022,1.674343457786
10/28/2022,1.662272676139
10/29/2022,1.645350682993
10/30/2022,1.637529851299
10/31/2022,1.624011629544
11/01/2022,1.614950811318
11/02/2022,1.597270678498
11/03/2022,1.579119821346
11/04/2022,1.562352369153
11/05/2022,1.496016907928
11/06/2022,1.54367593222
11/07/2022,1.542345801051
11/09/2022,1.5920823988
11/10/2022,1.5920823988
11/12/2022,1.5604958586
11/13/2022,1.542996618861
11/14/2022,1.327541356133
11/15/2022,1.511165302
11/16/2022,1.5067420709
11/18/2022,1.466932991
11/19/2022,1.4581873606
11/22/2022,1.4363232846
11/23/2022,1.423204839
11/24/2022,1.4102387217
11/25/2022,1.3929505653
11/26/2022,1.370264484621
11/27/2022,1.3735781085
11/28/2022,1.38646750665
12/01/2022,1.375661470939
12/02/2022,1.3929505653
03/28/2023,1.050470217806
03/29/2023,1.147982714912
03/30/2023,1.159049713509
03/31/2023,1.160910814873
04/01/2023,1.163516419317
04/02/2023,1.148694990366
04/03/2023,1.154849426573
04/04/2023,1.175966381755
04/05/2023,1.169210690055
04/06/2023,1.218982458912
04/07/2023,1.194162562594
04/08/2023,1.179448107946
04/09/2023,1.207790351162
04/10/2023,1.22311719403
04/11/2023,1.233417992618
04/12/2023,1.245154703743
04/13/2023,1.24029497053
04/14/2023,1.24578647001
04/15/2023,1.242003250908
04/16/2023,1.247427532342
04/17/2023,1.238986325561
04/18/2023,1.246192548791
04/19/2023,1.239495377402
04/20/2023,1.25602051875
04/21/2023,1.256809525062
04/22/2023,1.242108858083
04/23/2023,1.24325775723
04/24/2023,1.205016606713
04/25/2023,1.202436737608
04/26/2023,1.20369388579
04/27/2023,1.218296427395
04/28/2023,1.210928282823
04/29/2023,1.228142257679
04/30/2023,1.224072783837
05/01/2023,1.251475868165
05/02/2023,1.246175978096
05/03/2023,1.221948991649
05/04/2023,1.211115177651
05/05/2023,1.211954044656
05/06/2023,1.211874813338
05/07/2023,1.116723190026
05/08/2023,1.209003879789
05/09/2023,1.169335534526
05/10/2023,1.150021916828
05/11/2023,1.145838825093
05/12/2023,1.142570918906
05/13/2023,1.157844341166
05/14/2023,1.15158425803
05/15/2023,1.165554297831
05/16/2023,1.160354625379
05/17/2023,1.168069816594
05/18/2023,1.173650411206
05/19/2023,1.175112597576
05/20/2023,1.171663068915
05/21/2023,1.16812850296
05/22/2023,1.168148726469
05/23/2023,1.164976890505
05/24/2023,1.154186682884
05/25/2023,1.162845464146
05/26/2023,1.172038448203
05/27/2023,1.166744096727
05/28/2023,1.172874657285
05/29/2023,1.174571497412
05/30/2023,1.16039959404
05/31/2023,1.186915658287
06/01/2023,1.187850566085
06/02/2023,64.36140987995
06/03/2023,1.201486740296
06/04/2023,1.212335168055
06/05/2023,1.215321287567
06/06/2023,1.224272189404
06/07/2023,1.231227827883
06/08/2023,1.233314633352
06/09/2023,1.227150775612
06/10/2023,1.232379123471
06/11/2023,1.222226926011
06/12/2023,1.22959189172
06/13/2023,1.23431972924
06/14/2023,1.234276342097
06/15/2023,1.237494862188
06/16/2023,1.229860069983
06/17/2023,1.214031821755
06/18/2023,1.210293736566
06/19/2023,1.208391295086
06/20/2023,1.202486817369
06/21/2023,1.212051367945
06/22/2023,1.223495586302
06/23/2023,1.228237275046
06/24/2023,1.231010214879
06/25/2023,1.242809725441
06/26/2023,1.231723746888
06/27/2023,1.232914522541
06/28/2023,1.240443051642
06/29/2023,1.240198403482
06/30/2023,1.259109989407
07/01/2023,1.259863571129
07/02/2023,1.270790344037
07/03/2023,1.28360313147
07/04/2023,1.293060273389
07/05/2023,1.307393653799
07/06/2023,1.321351493385
07/07/2023,1.336400660027
07/08/2023,1.344414786172
07/09/2023,1.357267489528
07/10/2023,1.40990235825
07/11/2023,1.496779012556
07/12/2023,1.507772466456
07/13/2023,1.526331981125
07/14/2023,1.531265882229
07/15/2023,1.542716165804
07/16/2023,1.601058391784
07/17/2023,1.573917088384
07/18/2023,1.584551249878
07/19/2023,1.601128434
07/20/2023,1.61089237912
07/21/2023,1.615975778142
07/22/2023,1.435636567104
07/23/2023,1.636499872
07/24/2023,1.656072675028
07/25/2023,1.679299257582
07/26/2023,1.694036214616
07/27/2023,1.7024075794
07/28/2023,1.586056463622
07/29/2023,1.738288235159
07/30/2023,1.767499980576
07/31/2023,1.830380691685
08/01/2023,1.855138868733
08/02/2023,1.882875954534
08/03/2023,1.891337661628
08/04/2023,1.910413632343
08/05/2023,1.92230823562
08/06/2023,1.929466659374
08/07/2023,1.942001144003
08/08/2023,1.962410518498
08/09/2023,24.38712249359
08/10/2023,1.750532128496
08/11/2023,1.947554444575
08/12/2023,2.068873697824
08/13/2023,2.087769233193
08/14/2023,2.100492241544
08/15/2023,2.120227291008
08/16/2023,2.146958343287
08/17/2023,1.519004442911
08/18/2023,1.214890556964
08/19/2023,1.241268634056
08/20/2023,1.285993396252
08/21/2023,1.294622510114
08/22/2023,1.332472005112
08/24/2023,1.357965621867
08/25/2023,1.375191107103
08/26/2023,1.390129866098
08/27/2023,1.386836414356
08/29/2023,1.4102387217
08/30/2023,1.437232048429
08/31/2023,1.441381541084
09/01/2023,1.462502968493
09/02/2023,1.493102841837
09/03/2023,1.4890491465
09/04/2023,1.4890491465
09/05/2023,1.4890491465
09/06/2023,1.531705665495
09/07/2023,1.602849939151
09/08/2023,1.607417167527
09/09/2023,1.601128434
09/10/2023,1.453738529725
09/11/2023,1.603140713796
09/12/2023,1.613521191424
09/13/2023,1.632061689316
09/14/2023,1.641177599064
09/15/2023,1.6331352718
09/16/2023,1.6331352718
09/17/2023,1.6331352718
09/18/2023,1.639841466387
09/19/2023,1.654467271067
09/20/2023,1.677879088673
09/21/2023,1.716744437918
09/22/2023,1.702295908933
09/23/2023,1.71641821
09/24/2023,1.7070777896
09/25/2023,1.69413151662
09/26/2023,1.68923752053
09/27/2023,1.68643490934
09/28/2023,1.6838242248
09/29/2023,1.685601712146
09/30/2023,1.725108032877
10/01/2023,1.785513766957
10/02/2023,1.784197028544
10/03/2023,1.392758711611
10/04/2023,1.7492065452
10/05/2023,1.7257586304
10/06/2023,1.686419281962
10/07/2023,1.684146278256
10/08/2023,1.671906193594
10/09/2023,1.6607168893
10/10/2023,1.616130042743
10/11/2023,1.661403507269
10/12/2023,1.654892497955
10/13/2023,1.629996642093
10/14/2023,1.595342945381
10/15/2023,1.558153085829
10/16/2023,1.517198629324
10/17/2023,1.4978956087
10/18/2023,1.484111739505
10/19/2023,1.460462406346
10/20/2023,1.449848188623
10/21/2023,1.443797865401
10/22/2023,1.430172216768
10/23/2023,1.437740948176
10/24/2023,12.1992873199
10/25/2023,1.417029402666
10/26/2023,1.432724644854
10/30/2023,1.186499234862
10/31/2023,1.137229132751
11/01/2023,1.091982903
11/02/2023,1.081242523272
11/03/2023,1.062644633337
11/04/2023,0.9640817110347
11/05/2023,0.988576419819
11/06/2023,0.984158739
11/07/2023,0.984158739
11/08/2023,0.984158739
11/09/2023,0.9297914151108
11/10/2023,0.884281103
11/11/2023,0.866160506
11/12/2023,0.8597183146419
11/13/2023,0.8483252665
11/14/2023,0.8483252665
11/15/2023,0.8483252665
11/16/2023,0.8462591820731
11/17/2023,0.847493915822
11/18/2023,0.8318515218053
11/19/2023,0.820591822186
11/20/2023,0.8483252665
11/21/2023,0.8483252665
11/22/2023,0.8483252665
11/23/2023,0.8194892180164
11/24/2023,0.8483252665
11/25/2023,0.8483252665
11/26/2023,0.8483252665
11/27/2023,0.8483252665
11/28/2023,0.8483252665
11/29/2023,0.8483252665
11/30/2023,0.8483252665
12/01/2023,0.8483252665
12/02/2023,0.83262886729
12/03/2023,0.8483252665
12/04/2023,0.8483252665
12/05/2023,0.7923419195222
12/06/2023,0.6840264054276
12/07/2023,0.6858006885526
12/08/2023,0.6784780339523
12/09/2023,0.6784381218295
12/10/2023,0.6918499828014
12/11/2023,0.6967688242062
12/12/2023,0.6915104825958
12/13/2023,0.6921154365373
12/14/2023,0.6996733189988
12/15/2023,0.6969010817929
12/16/2023,0.6963659309508
12/17/2023,0.6951084925126
12/18/2023,0.6979777837809
12/19/2023,0.7049796606381
12/20/2023,0.71121291659
12/21/2023,0.7116025615223
12/23/2023,0.726960716
12/24/2023,0.7169621132
12/26/2023,0.7203931173318
12/27/2023,0.719849084238
12/28/2023,0.7140078593594
12/29/2023,0.726960716
12/30/2023,0.726960716
12/31/2023,0.710296378
01/01/2024,0.7197395028667
01/02/2024,0.7219614146
01/03/2024,0.7169621132
01/04/2024,0.7169621132
01/05/2024,0.7153654046636
01/07/2024,0.7136292456
01/08/2024,0.7036306428
01/15/2024,0.710296378
01/19/2024,0.6772683755
01/21/2024,0.660904711
01/30/2024,0.5824746741255
01/31/2024,0.5669632536129
02/01/2024,0.566401103
02/02/2024,0.566401103
02/03/2024,0.566401103
02/04/2024,0.566401103
02/22/2024,0.5154232125
02/23/2024,0.5154232125
02/24/2024,0.5154232125
02/25/2024,0.5137050649918
02/26/2024,0.5176251282592
02/27/2024,0.5174602919574
02/29/2024,0.5213454435
03/01/2024,0.5185627880859
03/02/2024,0.5237291945441
03/03/2024,0.5272676745
03/04/2024,0.5272676745
03/05/2024,0.5272676745
03/06/2024,0.5272676745
03/07/2024,0.5272676745
03/08/2024,0.5272676745
03/09/2024,0.5301258635254
03/10/2024,0.5213454435
03/11/2024,0.5213454435
03/12/2024,0.5217823293934
03/14/2024,0.506539866
03/15/2024,0.506539866
03/21/2024,0.4978507785
03/23/2024,0.4978507785
03/25/2024,0.4978507785
03/26/2024,0.4978507785
03/27/2024,0.4978507785
03/28/2024,1.644812855675
03/29/2024,0.4983630603027
03/30/2024,0.4827806709728
03/31/2024,0.499340435712
04/01/2024,0.506539866
04/02/2024,0.506539866
04/03/2024,0.506539866
04/04/2024,0.506539866
04/05/2024,0.4978507785
04/06/2024,0.4978507785
04/07/2024,0.4978507785
04/08/2024,0.4978507785
04/09/2024,0.4978507785
04/10/2024,0.4978507785
04/11/2024,0.4978507785
04/12/2024,0.4978507785
04/15/2024,0.506539866
04/16/2024,0.506539866
04/17/2024,0.5213454435
04/18/2024,0.5213454435
04/22/2024,0.6215540780932
04/23/2024,0.6248203516129
04/24/2024,0.6375363015131
04/25/2024,0.6521704071853
04/26/2024,0.6579897319161
04/27/2024,0.5992381392201
04/28/2024,0.6499068614147
04/29/2024,0.6484632602487
04/30/2024,0.465226658396
05/01/2024,0.4594702073359
05/02/2024,0.4577612997
05/03/2024,0.4588707162233
05/04/2024,0.4709515813087
05/05/2024,0.4771777236237
05/06/2024,0.4795733017343
05/07/2024,0.4899710671259
05/08/2024,0.4920580535
05/09/2024,0.4978507785
05/10/2024,0.4978507785
05/11/2024,0.5039763153401
05/12/2024,0.506539866
05/13/2024,62205970000000
05/14/2024,1.362516
05/15/2024,1.385784
05/16/2024,1.398594
05/17/2024,1.405979
05/18/2024,1.415248
05/19/2024,1.430378
05/20/2024,1.44125
05/21/2024,1.466933
05/23/2024,1.524533
